"NAME [String]","METHOD [String]","regularizationType [String]","scalerType [String]","featuresColumn [String]","C [Double]","rocAuc [Double]","rocAuc_1 [Double]","rocAuc_2 [Double]","rocAuc_3 [Double]"
"data_lipinski","SVC_LIN_DESC","L1","MaxMin","rdkit_desc","1.0E-4","0.5","0.5","0.5","0.5"
"data_lipinski","SVC_LIN_DESC","L2","MaxMin","rdkit_desc","1.0E-4","0.6182577904236682","0.655614973262032","0.5531813865147198","0.6459770114942528"
"data_lipinski","SVC_LIN_DESC","L1","Standard","rdkit_desc","1.0E-4","0.5","0.5","0.5","0.5"
"data_lipinski","SVC_LIN_DESC","L2","Standard","rdkit_desc","1.0E-4","0.6530408334893347","0.6620320855614973","0.5930674264007596","0.7040229885057471"
"data_lipinski","SVC_LIN_DESC","L1","MaxMin","cdk_desc","1.0E-4","0.5","0.5","0.5","0.5"
"data_lipinski","SVC_LIN_DESC","L2","MaxMin","cdk_desc","1.0E-4","0.6009000682203296","0.6385026737967915","0.5308641975308641","0.6333333333333333"
"data_lipinski","SVC_LIN_DESC","L1","Standard","cdk_desc","1.0E-4","0.5","0.5","0.5","0.5"
"data_lipinski","SVC_LIN_DESC","L2","Standard","cdk_desc","1.0E-4","0.687169791451964","0.6823529411764706","0.6400759734093066","0.739080459770115"
"data_lipinski","SVC_LIN_DESC","L1","MaxMin","rdkit_desc","0.001","0.5","0.5","0.5","0.5"
"data_lipinski","SVC_LIN_DESC","L2","MaxMin","rdkit_desc","0.001","0.6292629023077524","0.6625668449197861","0.5631528964862299","0.6620689655172414"
"data_lipinski","SVC_LIN_DESC","L1","Standard","rdkit_desc","0.001","0.5","0.5","0.5","0.5"
"data_lipinski","SVC_LIN_DESC","L2","Standard","rdkit_desc","0.001","0.6733725552071282","0.6684491978609627","0.6286799620132953","0.7229885057471265"
"data_lipinski","SVC_LIN_DESC","L1","MaxMin","cdk_desc","0.001","0.5","0.5","0.5","0.5"
"data_lipinski","SVC_LIN_DESC","L2","MaxMin","cdk_desc","0.001","0.6440958243752924","0.674331550802139","0.5660018993352326","0.6919540229885056"
"data_lipinski","SVC_LIN_DESC","L1","Standard","cdk_desc","0.001","0.5","0.5","0.5","0.5"
"data_lipinski","SVC_LIN_DESC","L2","Standard","cdk_desc","0.001","0.7109468441224132","0.6866310160427808","0.7174738841405507","0.7287356321839081"
"data_lipinski","SVC_LIN_DESC","L1","MaxMin","rdkit_desc","0.01","0.6016801131405592","0.6315508021390374","0.5085470085470085","0.6649425287356322"
"data_lipinski","SVC_LIN_DESC","L2","MaxMin","rdkit_desc","0.01","0.6637309217881676","0.66524064171123","0.6006647673314338","0.725287356321839"
"data_lipinski","SVC_LIN_DESC","L1","Standard","rdkit_desc","0.01","0.5","0.5","0.5","0.5"
"data_lipinski","SVC_LIN_DESC","L2","Standard","rdkit_desc","0.01","0.6647831037734125","0.6508021390374331","0.6263057929724597","0.7172413793103448"
"data_lipinski","SVC_LIN_DESC","L1","MaxMin","cdk_desc","0.01","0.47578918756516236","0.5173796791443851","0.5358499525166192","0.37413793103448273"
"data_lipinski","SVC_LIN_DESC","L2","MaxMin","cdk_desc","0.01","0.7418281303000708","0.7315508021390376","0.7037037037037036","0.7902298850574714"
"data_lipinski","SVC_LIN_DESC","L1","Standard","cdk_desc","0.01","0.6635467890651574","0.6510695187165776","0.6875593542260209","0.6520114942528736"
"data_lipinski","SVC_LIN_DESC","L2","Standard","cdk_desc","0.01","0.6857588471178734","0.662566844919786","0.7136752136752135","0.6810344827586207"
"data_lipinski","SVC_LIN_DESC","L1","MaxMin","rdkit_desc","0.1","0.6646611600071145","0.6647058823529413","0.6149097815764483","0.714367816091954"
"data_lipinski","SVC_LIN_DESC","L2","MaxMin","rdkit_desc","0.1","0.6806297663971769","0.6647058823529413","0.6467236467236467","0.7304597701149427"
"data_lipinski","SVC_LIN_DESC","L1","Standard","rdkit_desc","0.1","0.6695181007441544","0.6727272727272727","0.6329534662867996","0.7028735632183908"
"data_lipinski","SVC_LIN_DESC","L2","Standard","rdkit_desc","0.1","0.636024353029086","0.6299465240641712","0.6039886039886039","0.6741379310344828"
"data_lipinski","SVC_LIN_DESC","L1","MaxMin","cdk_desc","0.1","0.7477274230373171","0.7304812834224599","0.7155745489078822","0.7971264367816094"
"data_lipinski","SVC_LIN_DESC","L2","MaxMin","cdk_desc","0.1","0.7057242501236192","0.6572192513368985","0.7231718898385565","0.7367816091954025"
"data_lipinski","SVC_LIN_DESC","L1","Standard","cdk_desc","0.1","0.706120689217376","0.6754010695187166","0.7165242165242164","0.7264367816091953"
"data_lipinski","SVC_LIN_DESC","L2","Standard","cdk_desc","0.1","0.640785150791912","0.6155080213903743","0.6723646723646722","0.6344827586206897"
"data_lipinski","SVC_LIN_DESC","L1","MaxMin","rdkit_desc","1.0","0.6697644778780681","0.6641711229946523","0.6324786324786325","0.7126436781609196"
"data_lipinski","SVC_LIN_DESC","L2","MaxMin","rdkit_desc","1.0","0.6634276982710609","0.651336898395722","0.604463437796771","0.7344827586206897"
"data_lipinski","SVC_LIN_DESC","L1","Standard","rdkit_desc","1.0","0.6132196866814852","0.6128342245989304","0.5883190883190882","0.6385057471264368"
"data_lipinski","SVC_LIN_DESC","L2","Standard","rdkit_desc","1.0","0.5904913486500144","0.5705882352941176","0.5750237416904083","0.6258620689655172"
"data_lipinski","SVC_LIN_DESC","L1","MaxMin","cdk_desc","1.0","0.6983374891871623","0.6427807486631016","0.718898385565052","0.7333333333333335"
"data_lipinski","SVC_LIN_DESC","L2","MaxMin","cdk_desc","1.0","0.659029994121272","0.6320855614973262","0.6794871794871795","0.6655172413793103"
"data_lipinski","SVC_LIN_DESC","L1","Standard","cdk_desc","1.0","0.6103263029677273","0.5705882352941176","0.6391263057929724","0.6212643678160918"
"data_lipinski","SVC_LIN_DESC","L2","Standard","cdk_desc","1.0","0.6067479374105473","0.5470588235294117","0.6438746438746439","0.6293103448275862"
"data_chagas","SVC_LIN_DESC","L1","MaxMin","rdkit_desc","1.0E-4","0.5","0.5","0.5","0.5"
"data_chagas","SVC_LIN_DESC","L2","MaxMin","rdkit_desc","1.0E-4","0.6115852342158622","0.6076036379018619","0.6153432641226718","0.611808800623053"
"data_chagas","SVC_LIN_DESC","L1","Standard","rdkit_desc","1.0E-4","0.5","0.5","0.5","0.5"
"data_chagas","SVC_LIN_DESC","L2","Standard","rdkit_desc","1.0E-4","0.7114341993628267","0.7024812595915481","0.7208984413006696","0.7109228971962622"
"data_chagas","SVC_LIN_DESC","L1","MaxMin","cdk_desc","1.0E-4","0.5","0.5","0.5","0.5"
"data_chagas","SVC_LIN_DESC","L2","MaxMin","cdk_desc","1.0E-4","0.6608405708116761","0.6647913961358366","0.6679639611590044","0.6497663551401874"
"data_chagas","SVC_LIN_DESC","L1","Standard","cdk_desc","1.0E-4","0.5","0.5","0.5","0.5"
"data_chagas","SVC_LIN_DESC","L2","Standard","cdk_desc","1.0E-4","0.7265331441685561","0.7315805394876629","0.7370570550117739","0.7109618380062316"
"data_chagas","SVC_LIN_DESC","L1","MaxMin","rdkit_desc","0.001","0.5","0.5","0.5","0.5"
"data_chagas","SVC_LIN_DESC","L2","MaxMin","rdkit_desc","0.001","0.6776139488576091","0.6653644296226326","0.6934436357975458","0.6740337811526491"
"data_chagas","SVC_LIN_DESC","L1","Standard","rdkit_desc","0.001","0.5695765487780352","0.5","0.6019953200101186","0.6067343263239874"
"data_chagas","SVC_LIN_DESC","L2","Standard","rdkit_desc","0.001","0.7340732482678578","0.7294433459253146","0.7397984004358916","0.7329779984423671"
"data_chagas","SVC_LIN_DESC","L1","MaxMin","cdk_desc","0.001","0.5","0.5","0.5","0.5"
"data_chagas","SVC_LIN_DESC","L2","MaxMin","cdk_desc","0.001","0.7005255996335156","0.7064014972651792","0.7128106209500088","0.6823646806853587"
"data_chagas","SVC_LIN_DESC","L1","Standard","cdk_desc","0.001","0.6439692725714675","0.6517936194073899","0.6537853431668256","0.6263288551401869"
"data_chagas","SVC_LIN_DESC","L2","Standard","cdk_desc","0.001","0.746013522932849","0.7529795281942305","0.7505156745607031","0.7345453660436128"
"data_chagas","SVC_LIN_DESC","L1","MaxMin","rdkit_desc","0.01","0.6529526604153931","0.6490858517294287","0.663049242055692","0.6467228874610589"
"data_chagas","SVC_LIN_DESC","L2","MaxMin","rdkit_desc","0.01","0.7174775250244904","0.7075401861252129","0.72678977991399","0.7181026090342683"
"data_chagas","SVC_LIN_DESC","L1","Standard","rdkit_desc","0.01","0.7279154033301914","0.721391364655886","0.735522193465529","0.7268326518691592"
"data_chagas","SVC_LIN_DESC","L2","Standard","rdkit_desc","0.01","0.7407159787543822","0.7386364754259646","0.744874875946217","0.7386365848909652"
"data_chagas","SVC_LIN_DESC","L1","MaxMin","cdk_desc","0.01","0.6843254275150822","0.7087034686971226","0.683992440016347","0.6602803738317768"
"data_chagas","SVC_LIN_DESC","L2","MaxMin","cdk_desc","0.01","0.726741248549942","0.7351318714831006","0.7355635447274727","0.7095283294392528"
"data_chagas","SVC_LIN_DESC","L1","Standard","cdk_desc","0.01","0.7329722010675829","0.7400383170031088","0.7417662340189543","0.7171120521806855"
"data_chagas","SVC_LIN_DESC","L2","Standard","cdk_desc","0.01","0.7497501501994804","0.7493765494038486","0.7578080912257474","0.7420658099688453"
"data_chagas","SVC_LIN_DESC","L1","MaxMin","rdkit_desc","0.1","0.7310516572380853","0.7220553948766392","0.7375252972426011","0.7335742795950156"
"data_chagas","SVC_LIN_DESC","L2","MaxMin","rdkit_desc","0.1","0.7352061321704558","0.7303680694919933","0.7420070443090937","0.7332432827102805"
"data_chagas","SVC_LIN_DESC","L1","Standard","rdkit_desc","0.1","0.7405426074377998","0.7379822826899632","0.7444856875985151","0.7391598520249213"
"data_chagas","SVC_LIN_DESC","L2","Standard","rdkit_desc","0.1","0.7424187149601797","0.7429993999134317","0.7439164996400035","0.740340245327104"
"data_chagas","SVC_LIN_DESC","L1","MaxMin","cdk_desc","0.1","0.7340074987313457","0.7398932141030187","0.7427610967327645","0.7193681853582545"
"data_chagas","SVC_LIN_DESC","L2","MaxMin","cdk_desc","0.1","0.7464472259469891","0.7509185751387076","0.7530843176555305","0.7353387850467291"
"data_chagas","SVC_LIN_DESC","L1","Standard","cdk_desc","0.1","0.7504648018401605","0.7493937650021657","0.7585207923874752","0.7434798481308406"
"data_chagas","SVC_LIN_DESC","L2","Standard","cdk_desc","0.1","0.7493424743003999","0.744711122260261","0.7560275545350171","0.7472887461059218"
"data_chagas","SVC_LIN_DESC","L1","MaxMin","rdkit_desc","1.0","0.7397750361575669","0.7363394227363941","0.7450062270135653","0.7379794587227411"
"data_chagas","SVC_LIN_DESC","L2","MaxMin","rdkit_desc","1.0","0.7400363606754038","0.7373231712115847","0.7453662262351878","0.7374196845794388"
"data_chagas","SVC_LIN_DESC","L1","Standard","rdkit_desc","1.0","0.7418289745794331","0.7425198225317766","0.7434373114868964","0.7395297897196265"
"data_chagas","SVC_LIN_DESC","L2","Standard","rdkit_desc","1.0","0.7425423603246656","0.7435527584307264","0.7437170406118067","0.7403572819314639"
"data_chagas","SVC_LIN_DESC","L1","MaxMin","cdk_desc","1.0","0.7504599522725313","0.7496741333175942","0.7592772772383182","0.7424284462616813"
"data_chagas","SVC_LIN_DESC","L2","MaxMin","cdk_desc","1.0","0.7510053383809434","0.7495191929327504","0.7595934927708266","0.7439033294392531"
"data_chagas","SVC_LIN_DESC","L1","Standard","cdk_desc","1.0","0.7492000608962007","0.744600450556801","0.7563364727860054","0.7466632593457957"
"data_chagas","SVC_LIN_DESC","L2","Standard","cdk_desc","1.0","0.7484410700796462","0.7429846436863027","0.7548697192006085","0.7474688473520276"
"data_herg","SVC_LIN_DESC","L1","MaxMin","rdkit_desc","1.0E-4","0.5","0.5","0.5","0.5"
"data_herg","SVC_LIN_DESC","L2","MaxMin","rdkit_desc","1.0E-4","0.8174195057080685","0.7829936518543269","0.8409724545555927","0.828292410714286"
"data_herg","SVC_LIN_DESC","L1","Standard","rdkit_desc","1.0E-4","0.5","0.5","0.5","0.5"
"data_herg","SVC_LIN_DESC","L2","Standard","rdkit_desc","1.0E-4","0.8455364808577551","0.8103909121283007","0.8688524590163934","0.8573660714285711"
"data_herg","SVC_LIN_DESC","L1","MaxMin","cdk_desc","1.0E-4","0.5","0.5","0.5","0.5"
"data_herg","SVC_LIN_DESC","L2","MaxMin","cdk_desc","1.0E-4","0.8160309258078134","0.7763113932509188","0.8341139734582358","0.8376674107142855"
"data_herg","SVC_LIN_DESC","L1","Standard","cdk_desc","1.0E-4","0.5","0.5","0.5","0.5"
"data_herg","SVC_LIN_DESC","L2","Standard","cdk_desc","1.0E-4","0.8476288622872845","0.7967479674796749","0.8711386193821791","0.8749999999999998"
"data_herg","SVC_LIN_DESC","L1","MaxMin","rdkit_desc","0.001","0.5","0.5","0.5","0.5"
"data_herg","SVC_LIN_DESC","L2","MaxMin","rdkit_desc","0.001","0.8444009619015284","0.8082191780821923","0.8779971004795359","0.8469866071428567"
"data_herg","SVC_LIN_DESC","L1","Standard","rdkit_desc","0.001","0.5","0.5","0.5","0.5"
"data_herg","SVC_LIN_DESC","L2","Standard","rdkit_desc","0.001","0.8608295332350089","0.8265397037532023","0.885413181666109","0.8705357142857151"
"data_herg","SVC_LIN_DESC","L1","MaxMin","cdk_desc","0.001","0.5","0.5","0.5","0.5"
"data_herg","SVC_LIN_DESC","L2","MaxMin","cdk_desc","0.001","0.841136946567357","0.8004232097115495","0.8615478978476636","0.8614397321428581"
"data_herg","SVC_LIN_DESC","L1","Standard","cdk_desc","0.001","0.5","0.5","0.5","0.5"
"data_herg","SVC_LIN_DESC","L2","Standard","cdk_desc","0.001","0.8627692974409183","0.8182425659873036","0.8878108620497379","0.8822544642857135"
"data_herg","SVC_LIN_DESC","L1","MaxMin","rdkit_desc","0.01","0.7874285086911869","0.746658870698296","0.8193096910895505","0.7963169642857143"
"data_herg","SVC_LIN_DESC","L2","MaxMin","rdkit_desc","0.01","0.8535987056967974","0.818799420870922","0.887085981933757","0.8549107142857133"
"data_herg","SVC_LIN_DESC","L1","Standard","rdkit_desc","0.01","0.8414677166100061","0.8025392582692957","0.8713616594178655","0.8505022321428569"
"data_herg","SVC_LIN_DESC","L2","Standard","rdkit_desc","0.01","0.8511060539634983","0.8221962356609871","0.8782201405152223","0.8529017857142852"
"data_herg","SVC_LIN_DESC","L1","MaxMin","cdk_desc","0.01","0.7876865831344481","0.7848034302260833","0.7961971673915468","0.7820591517857142"
"data_herg","SVC_LIN_DESC","L2","MaxMin","cdk_desc","0.01","0.8573752918584147","0.8198574451497944","0.8821233411397346","0.8701450892857151"
"data_herg","SVC_LIN_DESC","L1","Standard","cdk_desc","0.01","0.8623562581702093","0.8244793406838183","0.8855247016839521","0.8770647321428575"
"data_herg","SVC_LIN_DESC","L2","Standard","cdk_desc","0.01","0.8514654093360638","0.8155696625459413","0.8734247797479646","0.8654017857142856"
"data_herg","SVC_LIN_DESC","L1","MaxMin","rdkit_desc","0.1","0.8541053672087996","0.8149571221739622","0.880506300881008","0.8668526785714284"
"data_herg","SVC_LIN_DESC","L2","MaxMin","rdkit_desc","0.1","0.8565892096658604","0.8254816794743296","0.8854131816661089","0.8588727678571426"
"data_herg","SVC_LIN_DESC","L1","Standard","rdkit_desc","0.1","0.8526840938387018","0.8249248245907123","0.8825694212111073","0.850558035714286"
"data_herg","SVC_LIN_DESC","L2","Standard","rdkit_desc","0.1","0.8343242756111761","0.801536919478784","0.876324300211888","0.8251116071428561"
"data_herg","SVC_LIN_DESC","L1","MaxMin","cdk_desc","0.1","0.8637406695620911","0.8388461966811446","0.8875320620051298","0.864843749999999"
"data_herg","SVC_LIN_DESC","L2","MaxMin","cdk_desc","0.1","0.8601249686511023","0.8230872034747749","0.8860265417642466","0.8712611607142857"
"data_herg","SVC_LIN_DESC","L1","Standard","cdk_desc","0.1","0.8562432472146732","0.8173515981735169","0.8788335006133601","0.8725446428571424"
"data_herg","SVC_LIN_DESC","L2","Standard","cdk_desc","0.1","0.8297971698848414","0.7963024835727807","0.8460466153674584","0.8470424107142854"
"data_herg","SVC_LIN_DESC","L1","MaxMin","rdkit_desc","1.0","0.8458091957164579","0.8159594609644738","0.8779413404706145","0.8435267857142854"
"data_herg","SVC_LIN_DESC","L2","MaxMin","rdkit_desc","1.0","0.8420379813034172","0.809499944314512","0.8769376603100255","0.8396763392857145"
"data_herg","SVC_LIN_DESC","L1","Standard","rdkit_desc","1.0","0.830924386387114","0.797750306270186","0.8707482993197279","0.8242745535714281"
"data_herg","SVC_LIN_DESC","L2","Standard","rdkit_desc","1.0","0.8288931291223302","0.8045439358503185","0.8666220586595293","0.815513392857143"
"data_herg","SVC_LIN_DESC","L1","MaxMin","cdk_desc","1.0","0.8515963223350353","0.8149014366856012","0.8725326196052191","0.8673549107142856"
"data_herg","SVC_LIN_DESC","L2","MaxMin","cdk_desc","1.0","0.8444053235326491","0.8073282102684052","0.8636667781866845","0.8622209821428574"
"data_herg","SVC_LIN_DESC","L1","Standard","cdk_desc","1.0","0.8287553812295708","0.7989197015257823","0.8394111743057879","0.8479352678571425"
"data_herg","SVC_LIN_DESC","L2","Standard","cdk_desc","1.0","0.8133858639025832","0.786835950551287","0.8197278911564625","0.8335937499999999"
"data_solubility","SVC_LIN_DESC","L1","MaxMin","rdkit_desc","1.0E-4","0.5","0.5","0.5","0.5"
"data_solubility","SVC_LIN_DESC","L2","MaxMin","rdkit_desc","1.0E-4","0.25902438068189765","0.24664687774846086","0.24562937062937062","0.28479689366786143"
"data_solubility","SVC_LIN_DESC","L1","Standard","rdkit_desc","1.0E-4","0.5","0.5","0.5","0.5"
"data_solubility","SVC_LIN_DESC","L2","Standard","rdkit_desc","1.0E-4","0.9701509119839883","0.970811345646438","0.9617441382147265","0.9778972520908005"
"data_solubility","SVC_LIN_DESC","L1","MaxMin","cdk_desc","1.0E-4","0.5","0.5","0.5","0.5"
"data_solubility","SVC_LIN_DESC","L2","MaxMin","cdk_desc","1.0E-4","0.23030883494206197","0.24351363236587512","0.2181715343480049","0.22924133811230582"
"data_solubility","SVC_LIN_DESC","L1","Standard","cdk_desc","1.0E-4","0.5","0.5","0.5","0.5"
"data_solubility","SVC_LIN_DESC","L2","Standard","cdk_desc","1.0E-4","0.9661636042037215","0.9632805628847845","0.9632867132867133","0.9719235364396666"
"data_solubility","SVC_LIN_DESC","L1","MaxMin","rdkit_desc","0.001","0.5","0.5","0.5","0.5"
"data_solubility","SVC_LIN_DESC","L2","MaxMin","rdkit_desc","0.001","0.6463266104768413","0.6053759894459102","0.6491155902920608","0.6844882516925529"
"data_solubility","SVC_LIN_DESC","L1","Standard","rdkit_desc","0.001","0.5","0.5","0.5","0.5"
"data_solubility","SVC_LIN_DESC","L2","Standard","rdkit_desc","0.001","0.9643719601141928","0.9669085312225155","0.9572706705059646","0.968936678614098"
"data_solubility","SVC_LIN_DESC","L1","MaxMin","cdk_desc","0.001","0.4548939490184316","0.45129727352682497","0.46338955162484574","0.4499950219036241"
"data_solubility","SVC_LIN_DESC","L2","MaxMin","cdk_desc","0.001","0.8305720608810514","0.7841908531222517","0.8465137803373096","0.8610115491835927"
"data_solubility","SVC_LIN_DESC","L1","Standard","cdk_desc","0.001","0.5","0.5","0.5","0.5"
"data_solubility","SVC_LIN_DESC","L2","Standard","cdk_desc","0.001","0.9635602576066292","0.9640501319261213","0.9689942410530646","0.9576363998407016"
"data_solubility","SVC_LIN_DESC","L1","MaxMin","rdkit_desc","0.01","0.5426158578013701","0.4932113016710643","0.479020979020979","0.6556152927120669"
"data_solubility","SVC_LIN_DESC","L2","MaxMin","rdkit_desc","0.01","0.9215282686441336","0.916721635883905","0.9263677498971616","0.9214954201513341"
"data_solubility","SVC_LIN_DESC","L1","Standard","rdkit_desc","0.01","0.9496381239651216","0.9495932277924363","0.939942410530646","0.9593787335722823"
"data_solubility","SVC_LIN_DESC","L2","Standard","rdkit_desc","0.01","0.9477999084596811","0.9517370272647319","0.9370629370629371","0.9545997610513742"
"data_solubility","SVC_LIN_DESC","L1","MaxMin","cdk_desc","0.01","0.5059538110964543","0.5272647317502199","0.45485396955985186","0.5357427319792911"
"data_solubility","SVC_LIN_DESC","L2","MaxMin","cdk_desc","0.01","0.9578136513946172","0.9502528583992964","0.9593788564376802","0.9638092393468748"
"data_solubility","SVC_LIN_DESC","L1","Standard","cdk_desc","0.01","0.9521432381276317","0.9577286719437113","0.9548539695598519","0.9438470728793319"
"data_solubility","SVC_LIN_DESC","L2","Standard","cdk_desc","0.01","0.9547877272982649","0.9565743183817061","0.9682229535170711","0.9395659099960175"
"data_solubility","SVC_LIN_DESC","L1","MaxMin","rdkit_desc","0.1","0.9406844694654616","0.9134784520668425","0.9491464417935007","0.9594285145360414"
"data_solubility","SVC_LIN_DESC","L2","MaxMin","rdkit_desc","0.1","0.975493061875118","0.9804309586631486","0.9737762237762237","0.9722720031859816"
"data_solubility","SVC_LIN_DESC","L1","Standard","rdkit_desc","0.1","0.9435350192712314","0.9494832893579594","0.9265220074043603","0.9545997610513742"
"data_solubility","SVC_LIN_DESC","L2","Standard","rdkit_desc","0.1","0.9426156500423216","0.9527814423922601","0.9254936240230358","0.9495718837116687"
"data_solubility","SVC_LIN_DESC","L1","MaxMin","cdk_desc","0.1","0.951103320473409","0.9500329815303429","0.9562937062937065","0.9469832735961777"
"data_solubility","SVC_LIN_DESC","L2","MaxMin","cdk_desc","0.1","0.9755610613622382","0.9774076517150395","0.9781982723159195","0.9710772600557552"
"data_solubility","SVC_LIN_DESC","L1","Standard","cdk_desc","0.1","0.9530097884728748","0.9524516270888304","0.967708761826409","0.938868976503385"
"data_solubility","SVC_LIN_DESC","L2","Standard","cdk_desc","0.1","0.9474449925226714","0.957673702726473","0.9626182640888524","0.9220430107526887"
"data_solubility","SVC_LIN_DESC","L1","MaxMin","rdkit_desc","1.0","0.9786435540286896","0.9808432277924362","0.9762443438914027","0.9788430904022302"
"data_solubility","SVC_LIN_DESC","L2","MaxMin","rdkit_desc","1.0","0.9775727014129864","0.9808707124010553","0.9745475113122172","0.977299880525687"
"data_solubility","SVC_LIN_DESC","L1","Standard","rdkit_desc","1.0","0.9421729896336414","0.9523966578715919","0.9271390374331552","0.9469832735961772"
"data_solubility","SVC_LIN_DESC","L2","Standard","rdkit_desc","1.0","0.9402858444602785","0.9552550571679859","0.9206602221308103","0.9449422540820394"
"data_solubility","SVC_LIN_DESC","L1","MaxMin","cdk_desc","1.0","0.9731817643569767","0.9763082673702725","0.9824146441793503","0.9608223815213074"
"data_solubility","SVC_LIN_DESC","L2","MaxMin","cdk_desc","1.0","0.9723043401628623","0.9721855760773968","0.9776326614561911","0.9670947829549987"
"data_solubility","SVC_LIN_DESC","L1","Standard","cdk_desc","1.0","0.9388083649061638","0.957014072119613","0.9497634718222954","0.9096475507765833"
"data_solubility","SVC_LIN_DESC","L2","Standard","cdk_desc","1.0","0.9351736722183213","0.9545954265611257","0.9443644590703416","0.9065611310234966"
"data_tuberculosis","SVC_LIN_DESC","L1","MaxMin","rdkit_desc","1.0E-4","0.5","0.5","0.5","0.5"
"data_tuberculosis","SVC_LIN_DESC","L2","MaxMin","rdkit_desc","1.0E-4","0.5835062660249395","0.6018182864376584","0.5700061902322409","0.5786943214049192"
"data_tuberculosis","SVC_LIN_DESC","L1","Standard","rdkit_desc","1.0E-4","0.5","0.5","0.5","0.5"
"data_tuberculosis","SVC_LIN_DESC","L2","Standard","rdkit_desc","1.0E-4","0.6375746572681413","0.637760602418665","0.6294580344945353","0.6455053348912239"
"data_tuberculosis","SVC_LIN_DESC","L1","MaxMin","cdk_desc","1.0E-4","0.5","0.5","0.5","0.5"
"data_tuberculosis","SVC_LIN_DESC","L2","MaxMin","cdk_desc","1.0E-4","0.598005198868397","0.6177407780155422","0.580941555669398","0.5953332629202508"
"data_tuberculosis","SVC_LIN_DESC","L1","Standard","cdk_desc","1.0E-4","0.5","0.5","0.5","0.5"
"data_tuberculosis","SVC_LIN_DESC","L2","Standard","cdk_desc","1.0E-4","0.6592818968880647","0.6612165843183159","0.6521270918715872","0.664502014474291"
"data_tuberculosis","SVC_LIN_DESC","L1","MaxMin","rdkit_desc","0.001","0.42543103031844537","0.4224714929208641","0.44342554644808774","0.41039605158638437"
"data_tuberculosis","SVC_LIN_DESC","L2","MaxMin","rdkit_desc","0.001","0.6211020607859755","0.6334559059024868","0.6069629439890692","0.6228873324663707"
"data_tuberculosis","SVC_LIN_DESC","L1","Standard","rdkit_desc","0.001","0.6052354224169402","0.6186652292345892","0.5839598275273225","0.6130812104889088"
"data_tuberculosis","SVC_LIN_DESC","L2","Standard","rdkit_desc","0.001","0.6412710097561054","0.6410121953735096","0.6337506403688504","0.6490501935259562"
"data_tuberculosis","SVC_LIN_DESC","L1","MaxMin","cdk_desc","0.001","0.49449682095018016","0.4975838330146881","0.49662152066256804","0.4892851091732844"
"data_tuberculosis","SVC_LIN_DESC","L2","MaxMin","cdk_desc","0.001","0.6448386464668806","0.6571377079472398","0.629193348702185","0.6481848827512169"
"data_tuberculosis","SVC_LIN_DESC","L1","Standard","cdk_desc","0.001","0.5454598427130454","0.5249732109996124","0.5857710040983606","0.5256353130411632"
"data_tuberculosis","SVC_LIN_DESC","L2","Standard","cdk_desc","0.001","0.6648048290481176","0.6623228858945954","0.658932078210379","0.6731595230393782"
"data_tuberculosis","SVC_LIN_DESC","L1","MaxMin","rdkit_desc","0.01","0.6044394085756433","0.6086716021396467","0.5946102288251376","0.6100363947621456"
"data_tuberculosis","SVC_LIN_DESC","L2","MaxMin","rdkit_desc","0.01","0.6394419130740471","0.6425364813530072","0.6292915385928933","0.6464977192762404"
"data_tuberculosis","SVC_LIN_DESC","L1","Standard","rdkit_desc","0.01","0.6374124782796715","0.6325249406407888","0.631915983606558","0.6477965105916679"
"data_tuberculosis","SVC_LIN_DESC","L2","Standard","rdkit_desc","0.01","0.6444400565963254","0.6472309347542639","0.6371424607240448","0.6489467743106675"
"data_tuberculosis","SVC_LIN_DESC","L1","MaxMin","cdk_desc","0.01","0.6163849558797041","0.6270900577252752","0.5923892161885235","0.6296755937253138"
"data_tuberculosis","SVC_LIN_DESC","L2","MaxMin","cdk_desc","0.01","0.6616387975836168","0.6630633154088629","0.6522989241803289","0.6695541531616583"
"data_tuberculosis","SVC_LIN_DESC","L1","Standard","cdk_desc","0.01","0.661141932083985","0.6601895369275684","0.6523629610655726","0.6708732982588137"
"data_tuberculosis","SVC_LIN_DESC","L2","Standard","cdk_desc","0.01","0.6677189300378005","0.6642282433689749","0.6600644637978156","0.6788640829466112"
"data_tuberculosis","SVC_LIN_DESC","L1","MaxMin","rdkit_desc","0.1","0.6385675545772528","0.635115901103804","0.6332127305327891","0.6473740320951651"
"data_tuberculosis","SVC_LIN_DESC","L2","MaxMin","rdkit_desc","0.1","0.6418478456154372","0.6423302033358417","0.6334678107923495","0.6497455227181206"
"data_tuberculosis","SVC_LIN_DESC","L1","Standard","rdkit_desc","0.1","0.642260694355682","0.6440922518719722","0.633711150956286","0.6489786802387878"
"data_tuberculosis","SVC_LIN_DESC","L2","Standard","rdkit_desc","0.1","0.6479881708148977","0.6551074979887918","0.6404702441939902","0.6483867702619108"
"data_tuberculosis","SVC_LIN_DESC","L1","MaxMin","cdk_desc","0.1","0.6598399541248549","0.6617214226234862","0.6484951331967201","0.6693033065543583"
"data_tuberculosis","SVC_LIN_DESC","L2","MaxMin","cdk_desc","0.1","0.6676282550348209","0.6649252459322529","0.6601989412568321","0.677760577915378"
"data_tuberculosis","SVC_LIN_DESC","L1","Standard","cdk_desc","0.1","0.6673449574783876","0.6638743137184653","0.6617422301912612","0.6764183285254364"
"data_tuberculosis","SVC_LIN_DESC","L2","Standard","cdk_desc","0.1","0.6704484845455099","0.6668859727691314","0.6610207479508192","0.6834387329165788"
"data_tuberculosis","SVC_LIN_DESC","L1","MaxMin","rdkit_desc","1.0","0.6416825840696178","0.6441172223687903","0.633178577527322","0.6477519523127407"
"data_tuberculosis","SVC_LIN_DESC","L2","MaxMin","rdkit_desc","1.0","0.6437429346380664","0.6467912368755613","0.636473275273224","0.647964291765414"
"data_tuberculosis","SVC_LIN_DESC","L1","Standard","rdkit_desc","1.0","0.6469574401364114","0.6541455910245176","0.6388746584699424","0.6478520709147745"
"data_tuberculosis","SVC_LIN_DESC","L2","Standard","rdkit_desc","1.0","0.6505445419858732","0.6591223196071541","0.6404179474043713","0.6520933589460945"
"data_tuberculosis","SVC_LIN_DESC","L1","MaxMin","cdk_desc","1.0","0.6689840939994124","0.6640241366993554","0.6620858948087447","0.6808422504901372"
"data_tuberculosis","SVC_LIN_DESC","L2","MaxMin","cdk_desc","1.0","0.6699807779582366","0.6658187554487255","0.6611744364754077","0.6829491419505765"
"data_tuberculosis","SVC_LIN_DESC","L1","Standard","cdk_desc","1.0","0.6705414877409425","0.6671031075240433","0.6610122096994533","0.6835091459993308"
"data_tuberculosis","SVC_LIN_DESC","L2","Standard","cdk_desc","1.0","0.6707511791868122","0.6688499566273319","0.6610111424180297","0.6823924385150749"
"data_malaria","SVC_LIN_DESC","L1","MaxMin","rdkit_desc","1.0E-4","0.2870685820645456","0.3159009186827464","0.30124777183600704","0.2440570556748833"
"data_malaria","SVC_LIN_DESC","L2","MaxMin","rdkit_desc","1.0E-4","0.8128689476490423","0.8059030938742406","0.8501858925388558","0.7825178565340303"
"data_malaria","SVC_LIN_DESC","L1","Standard","rdkit_desc","1.0E-4","0.5","0.5","0.5","0.5"
"data_malaria","SVC_LIN_DESC","L2","Standard","rdkit_desc","1.0E-4","0.9309869766370054","0.9097671470885763","0.9488634241575601","0.9343303586648798"
"data_malaria","SVC_LIN_DESC","L1","MaxMin","cdk_desc","1.0E-4","0.6112913477367736","0.6239805468055568","0.617860962566845","0.592032533837919"
"data_malaria","SVC_LIN_DESC","L2","MaxMin","cdk_desc","1.0E-4","0.8546717546347252","0.8518264895362491","0.8692165350989183","0.8429722392690084"
"data_malaria","SVC_LIN_DESC","L1","Standard","cdk_desc","1.0E-4","0.5","0.5","0.5","0.5"
"data_malaria","SVC_LIN_DESC","L2","Standard","cdk_desc","1.0E-4","0.9481908625775111","0.9221872222266796","0.9741448094389403","0.9482405560669132"
"data_malaria","SVC_LIN_DESC","L1","MaxMin","rdkit_desc","0.001","0.3521730659568831","0.3160002792838513","0.30135472370766475","0.4391641948791331"
"data_malaria","SVC_LIN_DESC","L2","MaxMin","rdkit_desc","0.001","0.8646304841401067","0.8584299413772285","0.895655716832207","0.8398057942108846"
"data_malaria","SVC_LIN_DESC","L1","Standard","rdkit_desc","0.001","0.5","0.5","0.5","0.5"
"data_malaria","SVC_LIN_DESC","L2","Standard","rdkit_desc","0.001","0.930347905259247","0.9135455353521836","0.9490297937357359","0.9284683866898217"
"data_malaria","SVC_LIN_DESC","L1","MaxMin","cdk_desc","0.001","0.6112913477367736","0.6239805468055568","0.617860962566845","0.592032533837919"
"data_malaria","SVC_LIN_DESC","L2","MaxMin","cdk_desc","0.001","0.9256446393368623","0.912484793799867","0.9392920804686198","0.9251570437421"
"data_malaria","SVC_LIN_DESC","L1","Standard","cdk_desc","0.001","0.8563119628863305","0.7882034797693758","0.9032425091248619","0.8774898997647537"
"data_malaria","SVC_LIN_DESC","L2","Standard","cdk_desc","0.001","0.9459037458884426","0.9056853061782919","0.9826432391138272","0.949382692373209"
"data_malaria","SVC_LIN_DESC","L1","MaxMin","rdkit_desc","0.01","0.837846532321887","0.8281236153294448","0.8939410915881637","0.7914748900480527"
"data_malaria","SVC_LIN_DESC","L2","MaxMin","rdkit_desc","0.01","0.9374769998377565","0.9304771188648022","0.9498310839487397","0.9321227966997278"
"data_malaria","SVC_LIN_DESC","L1","Standard","rdkit_desc","0.01","0.9061984095097957","0.8803456674749599","0.9332993803582619","0.9049501806961655"
"data_malaria","SVC_LIN_DESC","L2","Standard","rdkit_desc","0.01","0.9297141745469771","0.9163786551945076","0.955508021390465","0.9172558470559593"
"data_malaria","SVC_LIN_DESC","L1","MaxMin","cdk_desc","0.01","0.8599133011629032","0.8765216270431676","0.9195348442407416","0.7836834322048004"
"data_malaria","SVC_LIN_DESC","L2","MaxMin","cdk_desc","0.01","0.9520131578017191","0.9339789086983276","0.963150836092074","0.958909728614756"
"data_malaria","SVC_LIN_DESC","L1","Standard","cdk_desc","0.01","0.941512714547688","0.9129064049991513","0.9672693319752295","0.9443624066686832"
"data_malaria","SVC_LIN_DESC","L2","Standard","cdk_desc","0.01","0.9406565982311611","0.8963239263012376","0.9803480179950752","0.9452978503971704"
"data_malaria","SVC_LIN_DESC","L1","MaxMin","rdkit_desc","0.1","0.9411516235897558","0.9350289085640765","0.9588218317630149","0.9296041304421759"
"data_malaria","SVC_LIN_DESC","L2","MaxMin","rdkit_desc","0.1","0.9482029872035636","0.9397042276592956","0.9568559545030415","0.9480487794483533"
"data_malaria","SVC_LIN_DESC","L1","Standard","rdkit_desc","0.1","0.9392449458286064","0.9242684240065727","0.9631100925219163","0.9303563209573302"
"data_malaria","SVC_LIN_DESC","L2","Standard","rdkit_desc","0.1","0.9256897556123737","0.9125143334379991","0.9568559545031029","0.9076989788960189"
"data_malaria","SVC_LIN_DESC","L1","MaxMin","cdk_desc","0.1","0.9509261838269399","0.9277084491421277","0.9677989983872854","0.9572711039514067"
"data_malaria","SVC_LIN_DESC","L2","MaxMin","cdk_desc","0.1","0.9654346545993368","0.9570171410463876","0.9765181224004867","0.9627687003511359"
"data_malaria","SVC_LIN_DESC","L1","Standard","cdk_desc","0.1","0.9432425757942889","0.896681087380881","0.9809897292250206","0.9520569107769651"
"data_malaria","SVC_LIN_DESC","L2","Standard","cdk_desc","0.1","0.9386827617527774","0.8932437476669862","0.9787148798913508","0.9440896576999952"
"data_malaria","SVC_LIN_DESC","L1","MaxMin","rdkit_desc","1.0","0.9516129501297358","0.9428461709915258","0.9550326797386202","0.9569599996590618"
"data_malaria","SVC_LIN_DESC","L2","MaxMin","rdkit_desc","1.0","0.9511444540031287","0.9434396491764986","0.9536473983533338","0.9563463144795539"
"data_malaria","SVC_LIN_DESC","L1","Standard","rdkit_desc","1.0","0.9279316412662258","0.9143135659444955","0.9591443850268169","0.910336972827365"
"data_malaria","SVC_LIN_DESC","L2","Standard","rdkit_desc","1.0","0.9229040929263245","0.9095630550430117","0.9562787539259032","0.9028704698100585"
"data_malaria","SVC_LIN_DESC","L1","MaxMin","cdk_desc","1.0","0.9651126792292436","0.9612601072557387","0.974518292165345","0.9595596382666473"
"data_malaria","SVC_LIN_DESC","L2","MaxMin","cdk_desc","1.0","0.9658186451514371","0.9637951452947197","0.9764536117477252","0.9572071784118668"
"data_malaria","SVC_LIN_DESC","L1","Standard","cdk_desc","1.0","0.9346602379777386","0.8834446440607093","0.9789118071470988","0.9416242627254077"
"data_malaria","SVC_LIN_DESC","L2","Standard","cdk_desc","1.0","0.9384561084672906","0.8932974561000098","0.9786673457261725","0.9434035235756892"
"data_bubonic","SVC_LIN_DESC","L1","MaxMin","rdkit_desc","1.0E-4","0.5776984756186655","0.593285911529279","0.5949796623422325","0.544829852984485"
"data_bubonic","SVC_LIN_DESC","L2","MaxMin","rdkit_desc","1.0E-4","0.5241307310993336","0.5249068519937853","0.5350235347018399","0.5124618066023754"
"data_bubonic","SVC_LIN_DESC","L1","Standard","rdkit_desc","1.0E-4","0.5","0.5","0.5","0.5"
"data_bubonic","SVC_LIN_DESC","L2","Standard","rdkit_desc","1.0E-4","0.7294579151623243","0.7212720978782885","0.7422110114241698","0.7248906361845147"
"data_bubonic","SVC_LIN_DESC","L1","MaxMin","cdk_desc","1.0E-4","0.42861463999898436","0.40939044208968495","0.45594427247949304","0.42050920542777526"
"data_bubonic","SVC_LIN_DESC","L2","MaxMin","cdk_desc","1.0E-4","0.511616997627406","0.5013453610971852","0.5265569413641927","0.5069486904208401"
"data_bubonic","SVC_LIN_DESC","L1","Standard","cdk_desc","1.0E-4","0.5","0.5","0.5","0.5"
"data_bubonic","SVC_LIN_DESC","L2","Standard","cdk_desc","1.0E-4","0.7289015783441567","0.7502279153345043","0.7344436355177038","0.7020331841802621"
"data_bubonic","SVC_LIN_DESC","L1","MaxMin","rdkit_desc","0.001","0.5692154858260442","0.5948760338768673","0.5874459479372002","0.5253244756640654"
"data_bubonic","SVC_LIN_DESC","L2","MaxMin","rdkit_desc","0.001","0.5746653205063227","0.5848852495839169","0.5939896933393816","0.5451210185956696"
"data_bubonic","SVC_LIN_DESC","L1","Standard","rdkit_desc","0.001","0.5","0.5","0.5","0.5"
"data_bubonic","SVC_LIN_DESC","L2","Standard","rdkit_desc","0.001","0.7308851343343507","0.7296653278018812","0.7507541326416248","0.712235942559546"
"data_bubonic","SVC_LIN_DESC","L1","MaxMin","cdk_desc","0.001","0.42798799505602275","0.40939044208968495","0.45594427247949304","0.41862927059889016"
"data_bubonic","SVC_LIN_DESC","L2","MaxMin","cdk_desc","0.001","0.6243550884081861","0.6268111011283268","0.6408781757712086","0.6053759883250227"
"data_bubonic","SVC_LIN_DESC","L1","Standard","cdk_desc","0.001","0.5","0.5","0.5","0.5"
"data_bubonic","SVC_LIN_DESC","L2","Standard","cdk_desc","0.001","0.7209770253483582","0.7431202600218177","0.7328989413328836","0.6869118746903735"
"data_bubonic","SVC_LIN_DESC","L1","MaxMin","rdkit_desc","0.01","0.6275185884321525","0.6525706537536415","0.6568923482451657","0.5730927632976501"
"data_bubonic","SVC_LIN_DESC","L2","MaxMin","rdkit_desc","0.01","0.7245398699160058","0.73127956293116","0.743054857033063","0.6992851897837945"
"data_bubonic","SVC_LIN_DESC","L1","Standard","rdkit_desc","0.01","0.7184033433332483","0.7148338199930976","0.7255643625297702","0.7148118474768771"
"data_bubonic","SVC_LIN_DESC","L2","Standard","rdkit_desc","0.01","0.731961829625476","0.7317931982139209","0.7596139678198992","0.7044783228426078"
"data_bubonic","SVC_LIN_DESC","L1","MaxMin","cdk_desc","0.01","0.4690914805541923","0.39909956927309237","0.45837427053844415","0.5498006018510403"
"data_bubonic","SVC_LIN_DESC","L2","MaxMin","cdk_desc","0.01","0.7207442877697984","0.7358127659012396","0.7196673660654914","0.7067527313426639"
"data_bubonic","SVC_LIN_DESC","L1","Standard","cdk_desc","0.01","0.7065210252233126","0.7158873503687416","0.7140479360854335","0.6896277892157627"
"data_bubonic","SVC_LIN_DESC","L2","Standard","cdk_desc","0.01","0.7176328352156393","0.7383601326536425","0.7294479825186456","0.6850903904746295"
"data_bubonic","SVC_LIN_DESC","L1","MaxMin","rdkit_desc","0.1","0.7208105214646247","0.7275282086518685","0.7243469847473428","0.7105563709946626"
"data_bubonic","SVC_LIN_DESC","L2","MaxMin","rdkit_desc","0.1","0.7339513394066824","0.7185612266471469","0.7524328525626836","0.7308599390102167"
"data_bubonic","SVC_LIN_DESC","L1","Standard","rdkit_desc","0.1","0.729507596266454","0.7210484766009829","0.7450054344310827","0.7224688777672965"
"data_bubonic","SVC_LIN_DESC","L2","Standard","rdkit_desc","0.1","0.7320381453683398","0.7328581243561355","0.759577538918005","0.7036787728308788"
"data_bubonic","SVC_LIN_DESC","L1","MaxMin","cdk_desc","0.1","0.652197274712829","0.6743046930741212","0.6567386128419431","0.6255485182224224"
"data_bubonic","SVC_LIN_DESC","L2","MaxMin","cdk_desc","0.1","0.7234351628077045","0.7308567634703105","0.7393098843574761","0.7001388405953266"
"data_bubonic","SVC_LIN_DESC","L1","Standard","cdk_desc","0.1","0.724505036501656","0.7460854715536677","0.7397666049190409","0.6876630330322593"
"data_bubonic","SVC_LIN_DESC","L2","Standard","cdk_desc","0.1","0.7167254288067134","0.7329793488890746","0.7288346720503572","0.6883622654807083"
"data_bubonic","SVC_LIN_DESC","L1","MaxMin","rdkit_desc","1.0","0.7341169415028941","0.7101047419607008","0.7516694767670427","0.7405766057809385"
"data_bubonic","SVC_LIN_DESC","L2","MaxMin","rdkit_desc","1.0","0.7326338542281995","0.7163180773196289","0.7571607259467371","0.7244227594182325"
"data_bubonic","SVC_LIN_DESC","L1","Standard","rdkit_desc","1.0","0.7314613499675193","0.7325380519517237","0.7543122033017553","0.7075337946490787"
"data_bubonic","SVC_LIN_DESC","L2","Standard","rdkit_desc","1.0","0.7325050708510793","0.7326239330923425","0.7604281809637853","0.7044630984971101"
"data_bubonic","SVC_LIN_DESC","L1","MaxMin","cdk_desc","1.0","0.7170007184665493","0.7108041777874103","0.7520909917852783","0.6881069858269592"
"data_bubonic","SVC_LIN_DESC","L2","MaxMin","cdk_desc","1.0","0.7138862454039631","0.7239770234917764","0.7268373351661811","0.6908443775539317"
"data_bubonic","SVC_LIN_DESC","L1","Standard","cdk_desc","1.0","0.7133733521050637","0.7387687286951101","0.7314676117159915","0.6698837159040897"
"data_bubonic","SVC_LIN_DESC","L2","Standard","cdk_desc","1.0","0.7156546540352734","0.7309191924532858","0.7293536479741315","0.6866911216784031"
"data_kcnq","SVC_LIN_DESC","L1","MaxMin","rdkit_desc","1.0E-4","0.4806635770028039","0.347721235058405","0.5241049277423894","0.5701645682076172"
"data_kcnq","SVC_LIN_DESC","L2","MaxMin","rdkit_desc","1.0E-4","0.4083968573395544","0.41510581594232115","0.3982170460189689","0.41186771005737316"
"data_kcnq","SVC_LIN_DESC","L1","Standard","rdkit_desc","1.0E-4","0.784923542376608","0.787326689678552","0.7839432325215122","0.7835007049297595"
"data_kcnq","SVC_LIN_DESC","L2","Standard","rdkit_desc","1.0E-4","0.8307522372300328","0.8352519614781357","0.8232134609744133","0.833791289237549"
"data_kcnq","SVC_LIN_DESC","L1","MaxMin","cdk_desc","1.0E-4","0.41771755456993637","0.4198977092769652","0.4233174937130363","0.4099374607198076"
"data_kcnq","SVC_LIN_DESC","L2","MaxMin","cdk_desc","1.0E-4","0.4983110224851424","0.5142469232992928","0.4858242819903029","0.49486186216583156"
"data_kcnq","SVC_LIN_DESC","L1","Standard","cdk_desc","1.0E-4","0.5","0.5","0.5","0.5"
"data_kcnq","SVC_LIN_DESC","L2","Standard","cdk_desc","1.0E-4","0.8275005608505218","0.8266570038446845","0.8255871264372339","0.830257552269647"
"data_kcnq","SVC_LIN_DESC","L1","MaxMin","rdkit_desc","0.001","0.5156340286120976","0.4624513184229092","0.5206721376879551","0.5637786297254286"
"data_kcnq","SVC_LIN_DESC","L2","MaxMin","rdkit_desc","0.001","0.7674573946458758","0.7676038094293048","0.7664504967602125","0.7683178777481101"
"data_kcnq","SVC_LIN_DESC","L1","Standard","rdkit_desc","0.001","0.8138043215537053","0.8133660072816717","0.8158637250450946","0.8121832323343497"
"data_kcnq","SVC_LIN_DESC","L2","Standard","rdkit_desc","0.001","0.8325112244436327","0.8369591030182242","0.8246376406248289","0.8359369296878448"
"data_kcnq","SVC_LIN_DESC","L1","MaxMin","cdk_desc","0.001","0.45984991642676015","0.474020444413188","0.4862206221085801","0.41930868275851235"
"data_kcnq","SVC_LIN_DESC","L2","MaxMin","cdk_desc","0.001","0.7854653899124359","0.7913877567106709","0.7799885327642394","0.7850198802623973"
"data_kcnq","SVC_LIN_DESC","L1","Standard","cdk_desc","0.001","0.80733151156641","0.805354854942167","0.8090595210625814","0.8075801586944819"
"data_kcnq","SVC_LIN_DESC","L2","Standard","cdk_desc","0.001","0.8273941510631809","0.8271697547375206","0.8253124999616653","0.8297001984903565"
"data_kcnq","SVC_LIN_DESC","L1","MaxMin","rdkit_desc","0.01","0.7303845796571632","0.7538648613720362","0.6541208630456546","0.7831680145537988"
"data_kcnq","SVC_LIN_DESC","L2","MaxMin","rdkit_desc","0.01","0.8271158342093717","0.8287584874485934","0.8210390941390787","0.831549921040443"
"data_kcnq","SVC_LIN_DESC","L1","Standard","rdkit_desc","0.01","0.8282501032670563","0.8325383448914336","0.8208674372580406","0.8313445276516942"
"data_kcnq","SVC_LIN_DESC","L2","Standard","rdkit_desc","0.01","0.8333764897205466","0.8369382479521682","0.8256336512583982","0.8375575699510733"
"data_kcnq","SVC_LIN_DESC","L1","MaxMin","cdk_desc","0.01","0.7566986238198635","0.7519130009184495","0.7399055878976262","0.778277282643515"
"data_kcnq","SVC_LIN_DESC","L2","MaxMin","cdk_desc","0.01","0.8263402924293638","0.8271237051736982","0.8232478577748744","0.8286493143395187"
"data_kcnq","SVC_LIN_DESC","L1","Standard","cdk_desc","0.01","0.8263674227340116","0.8253717051375881","0.8247895066696541","0.828941056394793"
"data_kcnq","SVC_LIN_DESC","L2","Standard","cdk_desc","0.01","0.8268359072964028","0.8269115054455887","0.8247110221014168","0.8288851943422029"
"data_kcnq","SVC_LIN_DESC","L1","MaxMin","rdkit_desc","0.1","0.8252621709362419","0.8283094169575211","0.8205591663609113","0.8269179294902932"
"data_kcnq","SVC_LIN_DESC","L2","MaxMin","rdkit_desc","0.1","0.8347600642177143","0.8384834877226517","0.8289317286890605","0.8368649762414309"
"data_kcnq","SVC_LIN_DESC","L1","Standard","rdkit_desc","0.1","0.8322759026706833","0.8367347574331638","0.8241624724609905","0.8359304781178957"
"data_kcnq","SVC_LIN_DESC","L2","Standard","rdkit_desc","0.1","0.8334488860106503","0.8362316564653979","0.8259855028853529","0.8381294986811998"
"data_kcnq","SVC_LIN_DESC","L1","MaxMin","cdk_desc","0.1","0.8234006689148333","0.8234095006015854","0.8209247979709318","0.825867708171983"
"data_kcnq","SVC_LIN_DESC","L2","MaxMin","cdk_desc","0.1","0.8307444010305591","0.830059194172841","0.8279389238438394","0.834235085074997"
"data_kcnq","SVC_LIN_DESC","L1","Standard","cdk_desc","0.1","0.8272510559679702","0.8274288992269023","0.8245132445877879","0.8298110240892205"
"data_kcnq","SVC_LIN_DESC","L2","Standard","cdk_desc","0.1","0.8261737971430912","0.8263588272291305","0.8242194242723069","0.8279431399278363"
"data_kcnq","SVC_LIN_DESC","L1","MaxMin","rdkit_desc","1.0","0.8337055124665845","0.8389296905473106","0.8258069682798275","0.8363798785726158"
"data_kcnq","SVC_LIN_DESC","L2","MaxMin","rdkit_desc","1.0","0.8360453502092328","0.8401058434430918","0.830201973252684","0.8378282339319228"
"data_kcnq","SVC_LIN_DESC","L1","Standard","rdkit_desc","1.0","0.833080363658418","0.8370934660865631","0.8250311184320841","0.8371165064566068"
"data_kcnq","SVC_LIN_DESC","L2","Standard","rdkit_desc","1.0","0.8337731300859691","0.8363445272084836","0.8263816467308753","0.8385932163185481"
"data_kcnq","SVC_LIN_DESC","L1","MaxMin","cdk_desc","1.0","0.829786203863189","0.8307061943377309","0.8252206852020917","0.8334317320497447"
"data_kcnq","SVC_LIN_DESC","L2","MaxMin","cdk_desc","1.0","0.8304088035619287","0.8303536610294637","0.827152663362007","0.8337200862943152"
"data_kcnq","SVC_LIN_DESC","L1","Standard","cdk_desc","1.0","0.8270880945513345","0.8270820936650413","0.825014754191067","0.8291674357978951"
"data_kcnq","SVC_LIN_DESC","L2","Standard","cdk_desc","1.0","0.8259236347432163","0.8261977903113003","0.8240455184326092","0.8275275954857394"
