"name","feature","depth","trees","rmse"
"Chagas","cdk","2","5","0.6552974502130973"
"Chagas","rdkit","2","5","0.6253411934225735"
"Chagas","cdk","2","10","0.6638794030236118"
"Chagas","rdkit","2","10","0.6351202775074467"
"Chagas","cdk","2","20","0.6658035972131526"
"Chagas","rdkit","2","20","0.6249941621829053"
"Chagas","cdk","2","30","0.6618446567020003"
"Chagas","rdkit","2","30","0.6309396824765293"
"Chagas","cdk","2","40","0.657535766513021"
"Chagas","rdkit","2","40","0.6288468502964899"
"Chagas","cdk","2","50","0.6614162824423025"
"Chagas","rdkit","2","50","0.6265763629223151"
"Chagas","cdk","2","60","0.6620761041095506"
"Chagas","rdkit","2","60","0.630431310888321"
"Chagas","cdk","2","70","0.6618878735536513"
"Chagas","rdkit","2","70","0.6263640807664257"
"Chagas","cdk","5","5","0.5947121685403648"
"Chagas","rdkit","5","5","0.5536020216196792"
"Chagas","cdk","5","10","0.5834364865262331"
"Chagas","rdkit","5","10","0.5615587854549436"
"Chagas","cdk","5","20","0.5747396133080921"
"Chagas","rdkit","5","20","0.5530130325887577"
"Chagas","cdk","5","30","0.5760867847870408"
"Chagas","rdkit","5","30","0.5593784884689702"
"Chagas","cdk","5","40","0.5679479323187611"
"Chagas","rdkit","5","40","0.5519234540231573"
"Chagas","cdk","5","50","0.5719173452166426"
"Chagas","rdkit","5","50","0.5506686320035816"
"Chagas","cdk","5","60","0.5712261867348715"
"Chagas","rdkit","5","60","0.5517764575889391"
"Chagas","cdk","5","70","0.5716977873341558"
"Chagas","rdkit","5","70","0.5486134610101995"
"Chagas","cdk","10","5","0.5559499170329658"
"Chagas","rdkit","10","5","0.5250462703760175"
"Chagas","cdk","10","10","0.5441970855050922"
"Chagas","rdkit","10","10","0.5211495398237529"
"Chagas","cdk","10","20","0.5268547153031212"
"Chagas","rdkit","10","20","0.5076100745568837"
"Chagas","cdk","10","30","0.5315157681863292"
"Chagas","rdkit","10","30","0.512965621121245"
"Chagas","cdk","10","40","0.522606212592033"
"Chagas","rdkit","10","40","0.49929163453176584"
"Chagas","cdk","10","50","0.5268157909226733"
"Chagas","rdkit","10","50","0.5038883202522169"
"Chagas","cdk","10","60","0.524485875063765"
"Chagas","rdkit","10","60","0.49815232366836515"
"Chagas","cdk","10","70","0.5244330894795497"
"Chagas","rdkit","10","70","0.5001273406445339"
"Chagas","cdk","15","5","0.5462693965102103"
"Chagas","rdkit","15","5","0.519649361525619"
"Chagas","cdk","15","10","0.5312104904769502"
"Chagas","rdkit","15","10","0.515762189509652"
"Chagas","cdk","15","20","0.5138715850652555"
"Chagas","rdkit","15","20","0.49900649340776404"
"Chagas","cdk","15","30","0.5164146759703573"
"Chagas","rdkit","15","30","0.5014979325693429"
"Chagas","cdk","15","40","0.5075203089219327"
"Chagas","rdkit","15","40","0.4858056646722435"
"Chagas","cdk","15","50","0.514410677088089"
"Chagas","rdkit","15","50","0.4925704599810406"
"Chagas","cdk","15","60","0.5098159941346695"
"Chagas","rdkit","15","60","0.4882639787554103"
"Chagas","cdk","15","70","0.5100497308260596"
"Chagas","rdkit","15","70","0.4890860276925215"
"Chagas","cdk","20","5","0.5418850000025578"
"Chagas","rdkit","20","5","0.5217140220164698"
"Chagas","cdk","20","10","0.5268294065192975"
"Chagas","rdkit","20","10","0.5144769535117406"
"Chagas","cdk","20","20","0.5091177845974159"
"Chagas","rdkit","20","20","0.4992624422242705"
"Chagas","cdk","20","30","0.5116637397276458"
"Chagas","rdkit","20","30","0.49748257623999"
"Chagas","cdk","20","40","0.503065904959519"
"Chagas","rdkit","20","40","0.48223046493430777"
"Chagas","cdk","20","50","0.5107665527272938"
"Chagas","rdkit","20","50","0.4913346621428494"
"Chagas","cdk","20","60","0.505247301674889"
"Chagas","rdkit","20","60","0.48594987466390577"
"Chagas","cdk","20","70","0.5055085492387434"
"Chagas","rdkit","20","70","0.4873002718466305"
"Chagas","cdk","30","5","0.5445942086717612"
"Chagas","rdkit","30","5","0.5224577619846552"
"Chagas","cdk","30","10","0.5254051490048586"
"Chagas","rdkit","30","10","0.5155428808890374"
"Chagas","cdk","30","20","0.5080015694529023"
"Chagas","rdkit","30","20","0.49931556885850004"
"Chagas","cdk","30","30","0.5100676503466418"
"Chagas","rdkit","30","30","0.49804783996068186"
"Chagas","cdk","30","40","0.501513766759242"
"Chagas","rdkit","30","40","0.48034931171345674"
"Chagas","cdk","30","50","0.5096485964823194"
"Chagas","rdkit","30","50","0.4903680868019604"
"Chagas","cdk","30","60","0.5030479247534996"
"Chagas","rdkit","30","60","0.4856113610614135"
"Chagas","cdk","30","70","0.5030612617575956"
"Chagas","rdkit","30","70","0.48699625632515736"
"TB_MDR","cdk","2","5","0.7040496909279739"
"TB_MDR","rdkit","2","5","0.7092801601311624"
"TB_MDR","cdk","2","10","0.7010097784220333"
"TB_MDR","rdkit","2","10","0.7092502312816787"
"TB_MDR","cdk","2","20","0.7013628123759759"
"TB_MDR","rdkit","2","20","0.7043056706204269"
"TB_MDR","cdk","2","30","0.7029737844050407"
"TB_MDR","rdkit","2","30","0.7043951773586882"
"TB_MDR","cdk","2","40","0.7008353763121142"
"TB_MDR","rdkit","2","40","0.7035108119672376"
"TB_MDR","cdk","2","50","0.702900535043853"
"TB_MDR","rdkit","2","50","0.7029315372239072"
"TB_MDR","cdk","2","60","0.7012938320609649"
"TB_MDR","rdkit","2","60","0.7041766005471217"
"TB_MDR","cdk","2","70","0.7007980732078727"
"TB_MDR","rdkit","2","70","0.7029371243806173"
"TB_MDR","cdk","5","5","0.6638819021927251"
"TB_MDR","rdkit","5","5","0.6565044344975814"
"TB_MDR","cdk","5","10","0.6564808983887495"
"TB_MDR","rdkit","5","10","0.648234769453747"
"TB_MDR","cdk","5","20","0.6517945034590676"
"TB_MDR","rdkit","5","20","0.6433900973481568"
"TB_MDR","cdk","5","30","0.6508594109693432"
"TB_MDR","rdkit","5","30","0.6475201208617316"
"TB_MDR","cdk","5","40","0.6506406385303665"
"TB_MDR","rdkit","5","40","0.6457449301202531"
"TB_MDR","cdk","5","50","0.6518935346424368"
"TB_MDR","rdkit","5","50","0.6469892591292911"
"TB_MDR","cdk","5","60","0.6510379100077928"
"TB_MDR","rdkit","5","60","0.6484600997112779"
"TB_MDR","cdk","5","70","0.6512626158386716"
"TB_MDR","rdkit","5","70","0.6456553062655047"
"TB_MDR","cdk","10","5","0.6228504865943393"
"TB_MDR","rdkit","10","5","0.6145169630161182"
"TB_MDR","cdk","10","10","0.6108800815399077"
"TB_MDR","rdkit","10","10","0.6049211305505452"
"TB_MDR","cdk","10","20","0.604625138652146"
"TB_MDR","rdkit","10","20","0.598314917456362"
"TB_MDR","cdk","10","30","0.6019095856685511"
"TB_MDR","rdkit","10","30","0.602460335752526"
"TB_MDR","cdk","10","40","0.6023585060109969"
"TB_MDR","rdkit","10","40","0.5999604699243893"
"TB_MDR","cdk","10","50","0.6024901699029228"
"TB_MDR","rdkit","10","50","0.6003246213998426"
"TB_MDR","cdk","10","60","0.6014284649043531"
"TB_MDR","rdkit","10","60","0.6027322637634256"
"TB_MDR","cdk","10","70","0.6063968246652341"
"TB_MDR","rdkit","10","70","0.5990499351164803"
"TB_MDR","cdk","15","5","0.6113648853423426"
"TB_MDR","rdkit","15","5","0.602610102272531"
"TB_MDR","cdk","15","10","0.5913445925637382"
"TB_MDR","rdkit","15","10","0.5864899564844657"
"TB_MDR","cdk","15","20","0.5836927999691183"
"TB_MDR","rdkit","15","20","0.5792800994729407"
"TB_MDR","cdk","15","30","0.5800839914931243"
"TB_MDR","rdkit","15","30","0.5802889108989318"
"TB_MDR","cdk","15","40","0.5819302509493549"
"TB_MDR","rdkit","15","40","0.5787501905941409"
"TB_MDR","cdk","15","50","0.5797870672368908"
"TB_MDR","rdkit","15","50","0.5803211155038489"
"TB_MDR","cdk","15","60","0.5786224055276381"
"TB_MDR","rdkit","15","60","0.5799018958095636"
"TB_MDR","cdk","15","70","0.5818948646643318"
"TB_MDR","rdkit","15","70","0.5734301436775685"
"TB_MDR","cdk","20","5","0.6042675678912293"
"TB_MDR","rdkit","20","5","0.6017166159429969"
"TB_MDR","cdk","20","10","0.5847605812288937"
"TB_MDR","rdkit","20","10","0.5788765777563873"
"TB_MDR","cdk","20","20","0.5727561672343171"
"TB_MDR","rdkit","20","20","0.5717162637949561"
"TB_MDR","cdk","20","30","0.5710882227592691"
"TB_MDR","rdkit","20","30","0.5714518667937987"
"TB_MDR","cdk","20","40","0.5723472940196948"
"TB_MDR","rdkit","20","40","0.56748486682851"
"TB_MDR","cdk","20","50","0.5697327693930898"
"TB_MDR","rdkit","20","50","0.5700247607493651"
"TB_MDR","cdk","20","60","0.5664719016320088"
"TB_MDR","rdkit","20","60","0.56948785694839"
"TB_MDR","cdk","20","70","0.5703943328340977"
"TB_MDR","rdkit","20","70","0.5624499838891969"
"TB_MDR","cdk","30","5","0.6010866772652832"
"TB_MDR","rdkit","30","5","0.5938848015864404"
"TB_MDR","cdk","30","10","0.5842612902301166"
"TB_MDR","rdkit","30","10","0.576787056482956"
"TB_MDR","cdk","30","20","0.5677184402786197"
"TB_MDR","rdkit","30","20","0.5612141809806173"
"TB_MDR","cdk","30","30","0.5638946660111444"
"TB_MDR","rdkit","30","30","0.5612521765164763"
"TB_MDR","cdk","30","40","0.5638378306947354"
"TB_MDR","rdkit","30","40","0.5597711448464116"
"TB_MDR","cdk","30","50","0.562632119548713"
"TB_MDR","rdkit","30","50","0.5617921004440984"
"TB_MDR","cdk","30","60","0.5597703157552294"
"TB_MDR","rdkit","30","60","0.5608573764755735"
"TB_MDR","cdk","30","70","0.5626029706557087"
"TB_MDR","rdkit","30","70","0.553291721569417"
"MouseRatTox","cdk","2","5","1101.9063409271932"
"MouseRatTox","rdkit","2","5","1099.6670919466842"
"MouseRatTox","cdk","2","10","1089.3995561987326"
"MouseRatTox","rdkit","2","10","1096.481377845556"
"MouseRatTox","cdk","2","20","1086.8065765754857"
"MouseRatTox","rdkit","2","20","1087.75707737702"
"MouseRatTox","cdk","2","30","1095.9495503791688"
"MouseRatTox","rdkit","2","30","1096.474974303465"
"MouseRatTox","cdk","2","40","1089.1351543211697"
"MouseRatTox","rdkit","2","40","1082.6495622799357"
"MouseRatTox","cdk","2","50","1089.643582863847"
"MouseRatTox","rdkit","2","50","1085.6656609004922"
"MouseRatTox","cdk","2","60","1090.996705772995"
"MouseRatTox","rdkit","2","60","1091.6698530032509"
"MouseRatTox","cdk","2","70","1092.7147120765762"
"MouseRatTox","rdkit","2","70","1089.2774004272424"
"MouseRatTox","cdk","5","5","1136.7716313658104"
"MouseRatTox","rdkit","5","5","1116.5561973102108"
"MouseRatTox","cdk","5","10","1099.8226410295094"
"MouseRatTox","rdkit","5","10","1125.4466888823401"
"MouseRatTox","cdk","5","20","1098.3051224953444"
"MouseRatTox","rdkit","5","20","1101.3454503803553"
"MouseRatTox","cdk","5","30","1103.1621017696634"
"MouseRatTox","rdkit","5","30","1106.5787078012468"
"MouseRatTox","cdk","5","40","1100.9720996750661"
"MouseRatTox","rdkit","5","40","1094.6481235022802"
"MouseRatTox","cdk","5","50","1100.4953548580102"
"MouseRatTox","rdkit","5","50","1096.6103280680595"
"MouseRatTox","cdk","5","60","1099.378985721891"
"MouseRatTox","rdkit","5","60","1102.1316967263926"
"MouseRatTox","cdk","5","70","1102.0940131175748"
"MouseRatTox","rdkit","5","70","1098.4072838824823"
"MouseRatTox","cdk","10","5","1165.4404703485145"
"MouseRatTox","rdkit","10","5","1124.6353160941426"
"MouseRatTox","cdk","10","10","1148.130036439235"
"MouseRatTox","rdkit","10","10","1138.1146595173327"
"MouseRatTox","cdk","10","20","1128.7476361586932"
"MouseRatTox","rdkit","10","20","1113.7964100164393"
"MouseRatTox","cdk","10","30","1123.433310137035"
"MouseRatTox","rdkit","10","30","1123.0784529830662"
"MouseRatTox","cdk","10","40","1132.9632622159993"
"MouseRatTox","rdkit","10","40","1101.0793080978547"
"MouseRatTox","cdk","10","50","1116.074245530714"
"MouseRatTox","rdkit","10","50","1107.17000816453"
"MouseRatTox","cdk","10","60","1125.2876026480494"
"MouseRatTox","rdkit","10","60","1119.571014111996"
"MouseRatTox","cdk","10","70","1121.8467114027774"
"MouseRatTox","rdkit","10","70","1112.9986904921473"
"MouseRatTox","cdk","15","5","1158.51596275152"
"MouseRatTox","rdkit","15","5","1121.7895400221098"
"MouseRatTox","cdk","15","10","1160.871654211553"
"MouseRatTox","rdkit","15","10","1139.4875100402978"
"MouseRatTox","cdk","15","20","1139.454998158057"
"MouseRatTox","rdkit","15","20","1115.3898048990081"
"MouseRatTox","cdk","15","30","1130.5830674538533"
"MouseRatTox","rdkit","15","30","1126.0081956608192"
"MouseRatTox","cdk","15","40","1134.9230015217797"
"MouseRatTox","rdkit","15","40","1103.5161048195414"
"MouseRatTox","cdk","15","50","1118.0456851458302"
"MouseRatTox","rdkit","15","50","1110.037817996384"
"MouseRatTox","cdk","15","60","1131.4243270699121"
"MouseRatTox","rdkit","15","60","1122.5532309633309"
"MouseRatTox","cdk","15","70","1126.5451455381185"
"MouseRatTox","rdkit","15","70","1115.8448366676794"
"MouseRatTox","cdk","20","5","1161.174760833891"
"MouseRatTox","rdkit","20","5","1125.4749496440463"
"MouseRatTox","cdk","20","10","1162.8385240871871"
"MouseRatTox","rdkit","20","10","1141.7584435748913"
"MouseRatTox","cdk","20","20","1141.573653841993"
"MouseRatTox","rdkit","20","20","1116.8156296154461"
"MouseRatTox","cdk","20","30","1130.427504898218"
"MouseRatTox","rdkit","20","30","1129.4240342023197"
"MouseRatTox","cdk","20","40","1134.6913372894217"
"MouseRatTox","rdkit","20","40","1104.182520940343"
"MouseRatTox","cdk","20","50","1119.3789820239174"
"MouseRatTox","rdkit","20","50","1111.6544700678573"
"MouseRatTox","cdk","20","60","1131.0826298493007"
"MouseRatTox","rdkit","20","60","1125.1396595308036"
"MouseRatTox","cdk","20","70","1127.6300446820615"
"MouseRatTox","rdkit","20","70","1117.9164949161723"
"MouseRatTox","cdk","30","5","1162.44710241297"
"MouseRatTox","rdkit","30","5","1125.9817375748385"
"MouseRatTox","cdk","30","10","1162.8244443790852"
"MouseRatTox","rdkit","30","10","1144.4576774783063"
"MouseRatTox","cdk","30","20","1141.270729452302"
"MouseRatTox","rdkit","30","20","1115.6293788615872"
"MouseRatTox","cdk","30","30","1130.741759894438"
"MouseRatTox","rdkit","30","30","1130.0564849100938"
"MouseRatTox","cdk","30","40","1135.4612992673415"
"MouseRatTox","rdkit","30","40","1105.533302352822"
"MouseRatTox","cdk","30","50","1120.5238264432505"
"MouseRatTox","rdkit","30","50","1112.4715985984217"
"MouseRatTox","cdk","30","60","1130.941764131051"
"MouseRatTox","rdkit","30","60","1125.9763534129052"
"MouseRatTox","cdk","30","70","1127.6694611213334"
"MouseRatTox","rdkit","30","70","1119.2774828159656"
"MalariaNovartis","cdk","2","5","0.5999096096429759"
"MalariaNovartis","rdkit","2","5","0.600268443948919"
"MalariaNovartis","cdk","2","10","0.5960943869037539"
"MalariaNovartis","rdkit","2","10","0.5982381636490663"
"MalariaNovartis","cdk","2","20","0.5955916753379933"
"MalariaNovartis","rdkit","2","20","0.5998591672255007"
"MalariaNovartis","cdk","2","30","0.595370029993316"
"MalariaNovartis","rdkit","2","30","0.5991357318934678"
"MalariaNovartis","cdk","2","40","0.5963937954042304"
"MalariaNovartis","rdkit","2","40","0.5991254644812246"
"MalariaNovartis","cdk","2","50","0.5962298572461199"
"MalariaNovartis","rdkit","2","50","0.5992518881338031"
"MalariaNovartis","cdk","2","60","0.5958181727697038"
"MalariaNovartis","rdkit","2","60","0.598731277059505"
"MalariaNovartis","cdk","2","70","0.5963412989652994"
"MalariaNovartis","rdkit","2","70","0.5996914218753555"
"MalariaNovartis","cdk","5","5","0.575540030031649"
"MalariaNovartis","rdkit","5","5","0.5822822134662542"
"MalariaNovartis","cdk","5","10","0.57201563473196"
"MalariaNovartis","rdkit","5","10","0.5728251441251464"
"MalariaNovartis","cdk","5","20","0.572537985146329"
"MalariaNovartis","rdkit","5","20","0.5742676486480397"
"MalariaNovartis","cdk","5","30","0.5708592089637864"
"MalariaNovartis","rdkit","5","30","0.5740775498049763"
"MalariaNovartis","cdk","5","40","0.5722873718981536"
"MalariaNovartis","rdkit","5","40","0.5733731107736967"
"MalariaNovartis","cdk","5","50","0.5709407152545278"
"MalariaNovartis","rdkit","5","50","0.5729544209008234"
"MalariaNovartis","cdk","5","60","0.5712833138409482"
"MalariaNovartis","rdkit","5","60","0.5726984755096024"
"MalariaNovartis","cdk","5","70","0.5708753462176032"
"MalariaNovartis","rdkit","5","70","0.5740088480410244"
"MalariaNovartis","cdk","10","5","0.5593857387676275"
"MalariaNovartis","rdkit","10","5","0.5639277145034672"
"MalariaNovartis","cdk","10","10","0.558289996432108"
"MalariaNovartis","rdkit","10","10","0.5529246077679184"
"MalariaNovartis","cdk","10","20","0.5561487642286094"
"MalariaNovartis","rdkit","10","20","0.5548268735092143"
"MalariaNovartis","cdk","10","30","0.5547105008662734"
"MalariaNovartis","rdkit","10","30","0.5555522017182624"
"MalariaNovartis","cdk","10","40","0.5556502516438788"
"MalariaNovartis","rdkit","10","40","0.5554268265011426"
"MalariaNovartis","cdk","10","50","0.5536201280021862"
"MalariaNovartis","rdkit","10","50","0.5536243179053764"
"MalariaNovartis","cdk","10","60","0.5543145104195335"
"MalariaNovartis","rdkit","10","60","0.5541708195220053"
"MalariaNovartis","cdk","10","70","0.5536390556638168"
"MalariaNovartis","rdkit","10","70","0.5547254945780387"
"MalariaNovartis","cdk","15","5","0.5583893957075327"
"MalariaNovartis","rdkit","15","5","0.5600360447742183"
"MalariaNovartis","cdk","15","10","0.5531921245489653"
"MalariaNovartis","rdkit","15","10","0.5463988142234502"
"MalariaNovartis","cdk","15","20","0.5482292334953193"
"MalariaNovartis","rdkit","15","20","0.5471532923630247"
"MalariaNovartis","cdk","15","30","0.5472866415842207"
"MalariaNovartis","rdkit","15","30","0.5473540089320906"
"MalariaNovartis","cdk","15","40","0.5478780346356619"
"MalariaNovartis","rdkit","15","40","0.5474462130966964"
"MalariaNovartis","cdk","15","50","0.5468935895378766"
"MalariaNovartis","rdkit","15","50","0.5453930569478073"
"MalariaNovartis","cdk","15","60","0.5463473458097825"
"MalariaNovartis","rdkit","15","60","0.5461792880765806"
"MalariaNovartis","cdk","15","70","0.5458207558100274"
"MalariaNovartis","rdkit","15","70","0.5463901332522775"
"MalariaNovartis","cdk","20","5","0.5581900389100495"
"MalariaNovartis","rdkit","20","5","0.5592358395308425"
"MalariaNovartis","cdk","20","10","0.5496159681421942"
"MalariaNovartis","rdkit","20","10","0.5442470535938102"
"MalariaNovartis","cdk","20","20","0.5452933612361984"
"MalariaNovartis","rdkit","20","20","0.5427818857928568"
"MalariaNovartis","cdk","20","30","0.5433860141403719"
"MalariaNovartis","rdkit","20","30","0.5415467059695339"
"MalariaNovartis","cdk","20","40","0.543730658179389"
"MalariaNovartis","rdkit","20","40","0.5419054736263857"
"MalariaNovartis","cdk","20","50","0.5427536377110723"
"MalariaNovartis","rdkit","20","50","0.5411431709780631"
"MalariaNovartis","cdk","20","60","0.5429491163006992"
"MalariaNovartis","rdkit","20","60","0.5415850389234157"
"MalariaNovartis","cdk","20","70","0.5406571700675891"
"MalariaNovartis","rdkit","20","70","0.5417879911373438"
"MalariaNovartis","cdk","30","5","0.5577260160757584"
"MalariaNovartis","rdkit","30","5","0.5581263900291598"
"MalariaNovartis","cdk","30","10","0.54871651979851"
"MalariaNovartis","rdkit","30","10","0.5406979958556377"
"MalariaNovartis","cdk","30","20","0.5408996141003287"
"MalariaNovartis","rdkit","30","20","0.539512896853328"
"MalariaNovartis","cdk","30","30","0.5403377459665878"
"MalariaNovartis","rdkit","30","30","0.5390407594989801"
"MalariaNovartis","cdk","30","40","0.5391051053934227"
"MalariaNovartis","rdkit","30","40","0.5373232157967376"
"MalariaNovartis","cdk","30","50","0.5400316609824118"
"MalariaNovartis","rdkit","30","50","0.536647190834371"
"MalariaNovartis","cdk","30","60","0.5392507302343668"
"MalariaNovartis","rdkit","30","60","0.5367933680650232"
"MalariaNovartis","cdk","30","70","0.5386772651364293"
"MalariaNovartis","rdkit","30","70","0.5371066824176594"
"LogP","cdk","2","5","1.630543762928864"
"LogP","rdkit","2","5","1.5873427647626763"
"LogP","cdk","2","10","1.5998658275696562"
"LogP","rdkit","2","10","1.5439848361802948"
"LogP","cdk","2","20","1.6061087693751075"
"LogP","rdkit","2","20","1.5735995530041378"
"LogP","cdk","2","30","1.6209622598406885"
"LogP","rdkit","2","30","1.585202638814126"
"LogP","cdk","2","40","1.6152257277017628"
"LogP","rdkit","2","40","1.568205485443615"
"LogP","cdk","2","50","1.613788373393085"
"LogP","rdkit","2","50","1.557209158948357"
"LogP","cdk","2","60","1.6047086697239241"
"LogP","rdkit","2","60","1.571391382395583"
"LogP","cdk","2","70","1.6171556574576291"
"LogP","rdkit","2","70","1.5632912943103838"
"LogP","cdk","5","5","1.3453409515746293"
"LogP","rdkit","5","5","1.2139596911488737"
"LogP","cdk","5","10","1.305938853434823"
"LogP","rdkit","5","10","1.1951430911579621"
"LogP","cdk","5","20","1.3209204130051493"
"LogP","rdkit","5","20","1.2285017067490958"
"LogP","cdk","5","30","1.3152285041336038"
"LogP","rdkit","5","30","1.2170200229665105"
"LogP","cdk","5","40","1.3230408618317049"
"LogP","rdkit","5","40","1.2106740061226033"
"LogP","cdk","5","50","1.3095347186517332"
"LogP","rdkit","5","50","1.2065308724352999"
"LogP","cdk","5","60","1.3011666650620042"
"LogP","rdkit","5","60","1.2053043935001937"
"LogP","cdk","5","70","1.3139843063430041"
"LogP","rdkit","5","70","1.2061261017643843"
"LogP","cdk","10","5","1.1549622287093533"
"LogP","rdkit","10","5","0.9231705712296798"
"LogP","cdk","10","10","1.073053741663783"
"LogP","rdkit","10","10","0.9062794221158055"
"LogP","cdk","10","20","1.0911812060296322"
"LogP","rdkit","10","20","0.9209180590809978"
"LogP","cdk","10","30","1.091468305130924"
"LogP","rdkit","10","30","0.9209232210513011"
"LogP","cdk","10","40","1.0903328674993045"
"LogP","rdkit","10","40","0.9118130420572517"
"LogP","cdk","10","50","1.083487166780286"
"LogP","rdkit","10","50","0.9056414995826525"
"LogP","cdk","10","60","1.07661198719422"
"LogP","rdkit","10","60","0.9004811974906266"
"LogP","cdk","10","70","1.0820750077311776"
"LogP","rdkit","10","70","0.9108911086385922"
"LogP","cdk","15","5","1.0856573941635566"
"LogP","rdkit","15","5","0.8550633342782579"
"LogP","cdk","15","10","1.0061715050780469"
"LogP","rdkit","15","10","0.8285074583127428"
"LogP","cdk","15","20","1.0125028281845458"
"LogP","rdkit","15","20","0.8216435709569339"
"LogP","cdk","15","30","1.020329677687112"
"LogP","rdkit","15","30","0.8235105944220878"
"LogP","cdk","15","40","1.0043678326416612"
"LogP","rdkit","15","40","0.8160717556454277"
"LogP","cdk","15","50","1.0074013172122573"
"LogP","rdkit","15","50","0.8166815629541239"
"LogP","cdk","15","60","1.0006806575159137"
"LogP","rdkit","15","60","0.805813538882172"
"LogP","cdk","15","70","1.005320261307488"
"LogP","rdkit","15","70","0.8162854693339101"
"LogP","cdk","20","5","1.063646867863134"
"LogP","rdkit","20","5","0.8355948835490183"
"LogP","cdk","20","10","0.9867635490621592"
"LogP","rdkit","20","10","0.8115738180641463"
"LogP","cdk","20","20","0.9837395684490439"
"LogP","rdkit","20","20","0.7982577515560708"
"LogP","cdk","20","30","0.9898325707147319"
"LogP","rdkit","20","30","0.7982647238237384"
"LogP","cdk","20","40","0.9786495642834627"
"LogP","rdkit","20","40","0.7906394603584356"
"LogP","cdk","20","50","0.9787493452192351"
"LogP","rdkit","20","50","0.7900196684649662"
"LogP","cdk","20","60","0.9717754690455723"
"LogP","rdkit","20","60","0.7807963521389463"
"LogP","cdk","20","70","0.9765068917202508"
"LogP","rdkit","20","70","0.788948704939207"
"LogP","cdk","30","5","1.0519072025917795"
"LogP","rdkit","30","5","0.8333359149818241"
"LogP","cdk","30","10","0.978921576453888"
"LogP","rdkit","30","10","0.8057297902450969"
"LogP","cdk","30","20","0.9664361515323746"
"LogP","rdkit","30","20","0.7914361191131097"
"LogP","cdk","30","30","0.9753192326883396"
"LogP","rdkit","30","30","0.7874734006902037"
"LogP","cdk","30","40","0.9620806640458627"
"LogP","rdkit","30","40","0.783757413920339"
"LogP","cdk","30","50","0.961772093299056"
"LogP","rdkit","30","50","0.7823852282625979"
"LogP","cdk","30","60","0.957077914076462"
"LogP","rdkit","30","60","0.7697396655789344"
"LogP","cdk","30","70","0.9591163536503615"
"LogP","rdkit","30","70","0.7823706847032563"
"Xanthine-Bostaurus","cdk","2","5","0.9159903905021626"
"Xanthine-Bostaurus","rdkit","2","5","0.8796427288701603"
"Xanthine-Bostaurus","cdk","2","10","0.9137393488628988"
"Xanthine-Bostaurus","rdkit","2","10","0.8917276998672212"
"Xanthine-Bostaurus","cdk","2","20","0.8885386565624074"
"Xanthine-Bostaurus","rdkit","2","20","0.8875595092580235"
"Xanthine-Bostaurus","cdk","2","30","0.9008518133384231"
"Xanthine-Bostaurus","rdkit","2","30","0.8810031664559991"
"Xanthine-Bostaurus","cdk","2","40","0.8971508301894504"
"Xanthine-Bostaurus","rdkit","2","40","0.8827035919932495"
"Xanthine-Bostaurus","cdk","2","50","0.8978541685894763"
"Xanthine-Bostaurus","rdkit","2","50","0.8803217695525458"
"Xanthine-Bostaurus","cdk","2","60","0.9033131515437527"
"Xanthine-Bostaurus","rdkit","2","60","0.8698368095551708"
"Xanthine-Bostaurus","cdk","2","70","0.8901749140046672"
"Xanthine-Bostaurus","rdkit","2","70","0.8688458531905627"
"Xanthine-Bostaurus","cdk","5","5","0.7026438014935512"
"Xanthine-Bostaurus","rdkit","5","5","0.6933266478127283"
"Xanthine-Bostaurus","cdk","5","10","0.7023176414708692"
"Xanthine-Bostaurus","rdkit","5","10","0.709738382638125"
"Xanthine-Bostaurus","cdk","5","20","0.7008357734829926"
"Xanthine-Bostaurus","rdkit","5","20","0.6781367202869453"
"Xanthine-Bostaurus","cdk","5","30","0.6711671344056251"
"Xanthine-Bostaurus","rdkit","5","30","0.6638763846598081"
"Xanthine-Bostaurus","cdk","5","40","0.6790340726552291"
"Xanthine-Bostaurus","rdkit","5","40","0.676276077171746"
"Xanthine-Bostaurus","cdk","5","50","0.6907317177208123"
"Xanthine-Bostaurus","rdkit","5","50","0.6736718743859811"
"Xanthine-Bostaurus","cdk","5","60","0.6901077595769789"
"Xanthine-Bostaurus","rdkit","5","60","0.676262583248717"
"Xanthine-Bostaurus","cdk","5","70","0.6836519121725608"
"Xanthine-Bostaurus","rdkit","5","70","0.672650293415416"
"Xanthine-Bostaurus","cdk","10","5","0.6683657551991689"
"Xanthine-Bostaurus","rdkit","10","5","0.6649672345868116"
"Xanthine-Bostaurus","cdk","10","10","0.6630384348399487"
"Xanthine-Bostaurus","rdkit","10","10","0.6719157315066948"
"Xanthine-Bostaurus","cdk","10","20","0.6530692640714403"
"Xanthine-Bostaurus","rdkit","10","20","0.6390777881325047"
"Xanthine-Bostaurus","cdk","10","30","0.6283643165859181"
"Xanthine-Bostaurus","rdkit","10","30","0.62079359395127"
"Xanthine-Bostaurus","cdk","10","40","0.6376356502296179"
"Xanthine-Bostaurus","rdkit","10","40","0.6423556382488346"
"Xanthine-Bostaurus","cdk","10","50","0.6562425451878937"
"Xanthine-Bostaurus","rdkit","10","50","0.6393335597640806"
"Xanthine-Bostaurus","cdk","10","60","0.6450166798944643"
"Xanthine-Bostaurus","rdkit","10","60","0.6358834799713637"
"Xanthine-Bostaurus","cdk","10","70","0.6404068506205955"
"Xanthine-Bostaurus","rdkit","10","70","0.629340076961034"
"Xanthine-Bostaurus","cdk","15","5","0.664947973108305"
"Xanthine-Bostaurus","rdkit","15","5","0.6690205173184494"
"Xanthine-Bostaurus","cdk","15","10","0.6592292344149016"
"Xanthine-Bostaurus","rdkit","15","10","0.6672587879566438"
"Xanthine-Bostaurus","cdk","15","20","0.6469694831068447"
"Xanthine-Bostaurus","rdkit","15","20","0.6313351695482493"
"Xanthine-Bostaurus","cdk","15","30","0.6268093697662884"
"Xanthine-Bostaurus","rdkit","15","30","0.6185149032678097"
"Xanthine-Bostaurus","cdk","15","40","0.6342629278406064"
"Xanthine-Bostaurus","rdkit","15","40","0.6372544256724157"
"Xanthine-Bostaurus","cdk","15","50","0.6517467927296119"
"Xanthine-Bostaurus","rdkit","15","50","0.6366059911949031"
"Xanthine-Bostaurus","cdk","15","60","0.6390009158116865"
"Xanthine-Bostaurus","rdkit","15","60","0.635474173928583"
"Xanthine-Bostaurus","cdk","15","70","0.6358202819616792"
"Xanthine-Bostaurus","rdkit","15","70","0.6235773223194433"
"Xanthine-Bostaurus","cdk","20","5","0.6631699881361577"
"Xanthine-Bostaurus","rdkit","20","5","0.6707356000327321"
"Xanthine-Bostaurus","cdk","20","10","0.6611652631111202"
"Xanthine-Bostaurus","rdkit","20","10","0.6653342816108765"
"Xanthine-Bostaurus","cdk","20","20","0.6486014143706669"
"Xanthine-Bostaurus","rdkit","20","20","0.6314275994805223"
"Xanthine-Bostaurus","cdk","20","30","0.6254045997270226"
"Xanthine-Bostaurus","rdkit","20","30","0.6168258207940673"
"Xanthine-Bostaurus","cdk","20","40","0.6329913008231667"
"Xanthine-Bostaurus","rdkit","20","40","0.6353545239739125"
"Xanthine-Bostaurus","cdk","20","50","0.6512466166472751"
"Xanthine-Bostaurus","rdkit","20","50","0.6350975953632327"
"Xanthine-Bostaurus","cdk","20","60","0.6390276206268053"
"Xanthine-Bostaurus","rdkit","20","60","0.6333589749167102"
"Xanthine-Bostaurus","cdk","20","70","0.634812342470951"
"Xanthine-Bostaurus","rdkit","20","70","0.6218458518729698"
"Xanthine-Bostaurus","cdk","30","5","0.6662040444921292"
"Xanthine-Bostaurus","rdkit","30","5","0.6714522513746821"
"Xanthine-Bostaurus","cdk","30","10","0.6623008548113141"
"Xanthine-Bostaurus","rdkit","30","10","0.6652562411499565"
"Xanthine-Bostaurus","cdk","30","20","0.6481540515548683"
"Xanthine-Bostaurus","rdkit","30","20","0.6316184672032861"
"Xanthine-Bostaurus","cdk","30","30","0.6264058360514955"
"Xanthine-Bostaurus","rdkit","30","30","0.616179617083923"
"Xanthine-Bostaurus","cdk","30","40","0.6331752580543735"
"Xanthine-Bostaurus","rdkit","30","40","0.6352090647498996"
"Xanthine-Bostaurus","cdk","30","50","0.6507581370746249"
"Xanthine-Bostaurus","rdkit","30","50","0.6345216281810919"
"Xanthine-Bostaurus","cdk","30","60","0.6388690244378908"
"Xanthine-Bostaurus","rdkit","30","60","0.6330954208272964"
"Xanthine-Bostaurus","cdk","30","70","0.6348957832048405"
"Xanthine-Bostaurus","rdkit","30","70","0.6210926771198693"
"ADMECaco2","cdk","2","5","40.69039896386762"
"ADMECaco2","rdkit","2","5","41.65329561554302"
"ADMECaco2","cdk","2","10","40.72905235501301"
"ADMECaco2","rdkit","2","10","40.87005988216618"
"ADMECaco2","cdk","2","20","41.398142589280276"
"ADMECaco2","rdkit","2","20","40.232241511822835"
"ADMECaco2","cdk","2","30","39.60766377564207"
"ADMECaco2","rdkit","2","30","39.82858570308427"
"ADMECaco2","cdk","2","40","40.06164462994532"
"ADMECaco2","rdkit","2","40","40.13771833074132"
"ADMECaco2","cdk","2","50","40.1465437907618"
"ADMECaco2","rdkit","2","50","40.120179545899205"
"ADMECaco2","cdk","2","60","40.15101019826007"
"ADMECaco2","rdkit","2","60","40.270731363717466"
"ADMECaco2","cdk","2","70","40.72457253044017"
"ADMECaco2","rdkit","2","70","39.692852311475676"
"ADMECaco2","cdk","5","5","40.14689773251887"
"ADMECaco2","rdkit","5","5","41.764411608267885"
"ADMECaco2","cdk","5","10","40.6777163152332"
"ADMECaco2","rdkit","5","10","40.86518293376548"
"ADMECaco2","cdk","5","20","41.57519029467797"
"ADMECaco2","rdkit","5","20","40.306158485084325"
"ADMECaco2","cdk","5","30","39.519416929965345"
"ADMECaco2","rdkit","5","30","39.67477473821295"
"ADMECaco2","cdk","5","40","39.94371935203205"
"ADMECaco2","rdkit","5","40","40.05670615373601"
"ADMECaco2","cdk","5","50","40.06854360649149"
"ADMECaco2","rdkit","5","50","40.32559692738796"
"ADMECaco2","cdk","5","60","39.928252726509186"
"ADMECaco2","rdkit","5","60","40.21342107022032"
"ADMECaco2","cdk","5","70","40.80786917936794"
"ADMECaco2","rdkit","5","70","39.66440297110973"
"ADMECaco2","cdk","10","5","39.5901431007573"
"ADMECaco2","rdkit","10","5","41.872008086283785"
"ADMECaco2","cdk","10","10","40.57701823956637"
"ADMECaco2","rdkit","10","10","41.06392374001012"
"ADMECaco2","cdk","10","20","41.52884572769413"
"ADMECaco2","rdkit","10","20","40.41395009672045"
"ADMECaco2","cdk","10","30","39.37093694056563"
"ADMECaco2","rdkit","10","30","39.87271163817381"
"ADMECaco2","cdk","10","40","39.92355119765994"
"ADMECaco2","rdkit","10","40","40.16669172235292"
"ADMECaco2","cdk","10","50","39.95539738658404"
"ADMECaco2","rdkit","10","50","40.563445982994054"
"ADMECaco2","cdk","10","60","39.95561344568202"
"ADMECaco2","rdkit","10","60","40.31163145995652"
"ADMECaco2","cdk","10","70","40.6772437740956"
"ADMECaco2","rdkit","10","70","39.81996491400736"
"ADMECaco2","cdk","15","5","39.52068210235643"
"ADMECaco2","rdkit","15","5","41.84047719072263"
"ADMECaco2","cdk","15","10","40.528990056145425"
"ADMECaco2","rdkit","15","10","40.93540258628519"
"ADMECaco2","cdk","15","20","41.52441000149441"
"ADMECaco2","rdkit","15","20","40.41684904071918"
"ADMECaco2","cdk","15","30","39.434602135725044"
"ADMECaco2","rdkit","15","30","39.933699619857755"
"ADMECaco2","cdk","15","40","39.784128712754146"
"ADMECaco2","rdkit","15","40","40.262494020214596"
"ADMECaco2","cdk","15","50","39.857630837647285"
"ADMECaco2","rdkit","15","50","40.46488067737972"
"ADMECaco2","cdk","15","60","39.90077193885658"
"ADMECaco2","rdkit","15","60","40.24700276832582"
"ADMECaco2","cdk","15","70","40.5763387562824"
"ADMECaco2","rdkit","15","70","39.79442202126053"
"ADMECaco2","cdk","20","5","39.52185685888459"
"ADMECaco2","rdkit","20","5","41.77430753236109"
"ADMECaco2","cdk","20","10","40.44801776034092"
"ADMECaco2","rdkit","20","10","40.91318793901324"
"ADMECaco2","cdk","20","20","41.45836287616056"
"ADMECaco2","rdkit","20","20","40.395662179369566"
"ADMECaco2","cdk","20","30","39.41746118907973"
"ADMECaco2","rdkit","20","30","39.89763146623524"
"ADMECaco2","cdk","20","40","39.6664861272006"
"ADMECaco2","rdkit","20","40","40.24197499527622"
"ADMECaco2","cdk","20","50","39.79705296316082"
"ADMECaco2","rdkit","20","50","40.41537539988444"
"ADMECaco2","cdk","20","60","39.83390542953064"
"ADMECaco2","rdkit","20","60","40.165935017456775"
"ADMECaco2","cdk","20","70","40.48552944309001"
"ADMECaco2","rdkit","20","70","39.75467929713313"
"ADMECaco2","cdk","30","5","39.49070159131494"
"ADMECaco2","rdkit","30","5","41.746410681675194"
"ADMECaco2","cdk","30","10","40.416404564240324"
"ADMECaco2","rdkit","30","10","40.89587283028482"
"ADMECaco2","cdk","30","20","41.424746913650424"
"ADMECaco2","rdkit","30","20","40.37579065793523"
"ADMECaco2","cdk","30","30","39.41175272407098"
"ADMECaco2","rdkit","30","30","39.86514529522259"
"ADMECaco2","cdk","30","40","39.63445188546927"
"ADMECaco2","rdkit","30","40","40.22861776050517"
"ADMECaco2","cdk","30","50","39.763527119884"
"ADMECaco2","rdkit","30","50","40.38683779829563"
"ADMECaco2","cdk","30","60","39.80264643650561"
"ADMECaco2","rdkit","30","60","40.158695664733536"
"ADMECaco2","cdk","30","70","40.44218860960197"
"ADMECaco2","rdkit","30","70","39.731724762602234"
"TB_SRI","cdk","2","5","2.1257441336534324"
"TB_SRI","rdkit","2","5","2.12723401287822"
"TB_SRI","cdk","2","10","2.112602752962261"
"TB_SRI","rdkit","2","10","2.1213994620793"
"TB_SRI","cdk","2","20","2.114843830438989"
"TB_SRI","rdkit","2","20","2.113729505203426"
"TB_SRI","cdk","2","30","2.1121001039540737"
"TB_SRI","rdkit","2","30","2.110810385625374"
"TB_SRI","cdk","2","40","2.1162159435178998"
"TB_SRI","rdkit","2","40","2.124146573698118"
"TB_SRI","cdk","2","50","2.122837950301363"
"TB_SRI","rdkit","2","50","2.111344534876329"
"TB_SRI","cdk","2","60","2.1165076163121848"
"TB_SRI","rdkit","2","60","2.1216475048712997"
"TB_SRI","cdk","2","70","2.1182065531364658"
"TB_SRI","rdkit","2","70","2.116386867077861"
"TB_SRI","cdk","5","5","2.158051129332736"
"TB_SRI","rdkit","5","5","2.132094508636286"
"TB_SRI","cdk","5","10","2.1101896333074435"
"TB_SRI","rdkit","5","10","2.1251883561646068"
"TB_SRI","cdk","5","20","2.1115167630007763"
"TB_SRI","rdkit","5","20","2.1041829501393523"
"TB_SRI","cdk","5","30","2.1049840329783085"
"TB_SRI","rdkit","5","30","2.1012234360520043"
"TB_SRI","cdk","5","40","2.1060825792122575"
"TB_SRI","rdkit","5","40","2.1082166626769614"
"TB_SRI","cdk","5","50","2.1029742145254766"
"TB_SRI","rdkit","5","50","2.1008479624323084"
"TB_SRI","cdk","5","60","2.1149022975328915"
"TB_SRI","rdkit","5","60","2.1167189825513697"
"TB_SRI","cdk","5","70","2.108760549529952"
"TB_SRI","rdkit","5","70","2.102876417155977"
"TB_SRI","cdk","10","5","2.1884438926713567"
"TB_SRI","rdkit","10","5","2.139956722671233"
"TB_SRI","cdk","10","10","2.1351568185164975"
"TB_SRI","rdkit","10","10","2.1140216417720445"
"TB_SRI","cdk","10","20","2.1116634464950903"
"TB_SRI","rdkit","10","20","2.0887977312102275"
"TB_SRI","cdk","10","30","2.110323871697096"
"TB_SRI","rdkit","10","30","2.104362851358424"
"TB_SRI","cdk","10","40","2.10416222028687"
"TB_SRI","rdkit","10","40","2.101254116288033"
"TB_SRI","cdk","10","50","2.099101145510936"
"TB_SRI","rdkit","10","50","2.0890084703617617"
"TB_SRI","cdk","10","60","2.114734350198651"
"TB_SRI","rdkit","10","60","2.1095288359648787"
"TB_SRI","cdk","10","70","2.1054780126122132"
"TB_SRI","rdkit","10","70","2.0978490013647453"
"TB_SRI","cdk","15","5","2.1916757809865763"
"TB_SRI","rdkit","15","5","2.149067252175621"
"TB_SRI","cdk","15","10","2.145387302929653"
"TB_SRI","rdkit","15","10","2.116630056652891"
"TB_SRI","cdk","15","20","2.137229699488786"
"TB_SRI","rdkit","15","20","2.0978778330961627"
"TB_SRI","cdk","15","30","2.130558020721315"
"TB_SRI","rdkit","15","30","2.1184751291035586"
"TB_SRI","cdk","15","40","2.1226373349724352"
"TB_SRI","rdkit","15","40","2.1216118627908367"
"TB_SRI","cdk","15","50","2.115071484814822"
"TB_SRI","rdkit","15","50","2.09667669345383"
"TB_SRI","cdk","15","60","2.130796747602343"
"TB_SRI","rdkit","15","60","2.115337722532584"
"TB_SRI","cdk","15","70","2.1269610935751135"
"TB_SRI","rdkit","15","70","2.1050813033546403"
"TB_SRI","cdk","20","5","2.203135836698115"
"TB_SRI","rdkit","20","5","2.1675481135566015"
"TB_SRI","cdk","20","10","2.162485018416392"
"TB_SRI","rdkit","20","10","2.13289085632528"
"TB_SRI","cdk","20","20","2.1332131442651994"
"TB_SRI","rdkit","20","20","2.1048649430304724"
"TB_SRI","cdk","20","30","2.1434590045599515"
"TB_SRI","rdkit","20","30","2.1329685649557466"
"TB_SRI","cdk","20","40","2.1332947674484264"
"TB_SRI","rdkit","20","40","2.1392828665263997"
"TB_SRI","cdk","20","50","2.1268649183769153"
"TB_SRI","rdkit","20","50","2.1089906991013656"
"TB_SRI","cdk","20","60","2.1480723769230394"
"TB_SRI","rdkit","20","60","2.128633534510817"
"TB_SRI","cdk","20","70","2.14262430919869"
"TB_SRI","rdkit","20","70","2.1192773992701204"
"TB_SRI","cdk","30","5","2.2360366903712903"
"TB_SRI","rdkit","30","5","2.2161816493847755"
"TB_SRI","cdk","30","10","2.2072551784139907"
"TB_SRI","rdkit","30","10","2.1669739283415685"
"TB_SRI","cdk","30","20","2.1660769278505603"
"TB_SRI","rdkit","30","20","2.1549365027149023"
"TB_SRI","cdk","30","30","2.1781054083125895"
"TB_SRI","rdkit","30","30","2.158587587039817"
"TB_SRI","cdk","30","40","2.1725072160392385"
"TB_SRI","rdkit","30","40","2.1789287550994487"
"TB_SRI","cdk","30","50","2.16282518146918"
"TB_SRI","rdkit","30","50","2.1500904459267662"
"TB_SRI","cdk","30","60","2.1802252081778897"
"TB_SRI","rdkit","30","60","2.16231311960217"
"TB_SRI","cdk","30","70","2.173599149083346"
"TB_SRI","rdkit","30","70","2.153790397450827"
"Caco2","cdk","2","5","0.753755990260335"
"Caco2","rdkit","2","5","0.740405163725792"
"Caco2","cdk","2","10","0.7389568974943265"
"Caco2","rdkit","2","10","0.6943736242090364"
"Caco2","cdk","2","20","0.7196904582272601"
"Caco2","rdkit","2","20","0.7113919290173644"
"Caco2","cdk","2","30","0.7308792454791689"
"Caco2","rdkit","2","30","0.695459984817137"
"Caco2","cdk","2","40","0.7164999726733041"
"Caco2","rdkit","2","40","0.6844057482346058"
"Caco2","cdk","2","50","0.7187894627186691"
"Caco2","rdkit","2","50","0.7060912124457961"
"Caco2","cdk","2","60","0.7216619678562937"
"Caco2","rdkit","2","60","0.7056427243580653"
"Caco2","cdk","2","70","0.727120204972884"
"Caco2","rdkit","2","70","0.6958162063520464"
"Caco2","cdk","5","5","0.7361742089640592"
"Caco2","rdkit","5","5","0.7306352940160625"
"Caco2","cdk","5","10","0.6664044958237654"
"Caco2","rdkit","5","10","0.6495899399973105"
"Caco2","cdk","5","20","0.6741146853813165"
"Caco2","rdkit","5","20","0.6489469060973896"
"Caco2","cdk","5","30","0.6904130520603365"
"Caco2","rdkit","5","30","0.6345370449150313"
"Caco2","cdk","5","40","0.6769222950294937"
"Caco2","rdkit","5","40","0.6195305581151147"
"Caco2","cdk","5","50","0.6886884547850611"
"Caco2","rdkit","5","50","0.6526613937152171"
"Caco2","cdk","5","60","0.6984871791033891"
"Caco2","rdkit","5","60","0.6503339856140602"
"Caco2","cdk","5","70","0.6894710867275258"
"Caco2","rdkit","5","70","0.653611012359254"
"Caco2","cdk","10","5","0.740636460516676"
"Caco2","rdkit","10","5","0.7343808131010989"
"Caco2","cdk","10","10","0.6473567702624263"
"Caco2","rdkit","10","10","0.6244862112135543"
"Caco2","cdk","10","20","0.6711127327841202"
"Caco2","rdkit","10","20","0.6155582652036925"
"Caco2","cdk","10","30","0.6872949262666919"
"Caco2","rdkit","10","30","0.6184885579208812"
"Caco2","cdk","10","40","0.6702403928073233"
"Caco2","rdkit","10","40","0.6008111880785464"
"Caco2","cdk","10","50","0.6823127154911323"
"Caco2","rdkit","10","50","0.6368396493671937"
"Caco2","cdk","10","60","0.6860381896104616"
"Caco2","rdkit","10","60","0.6318145008741927"
"Caco2","cdk","10","70","0.6804197725623151"
"Caco2","rdkit","10","70","0.6351577233941944"
"Caco2","cdk","15","5","0.7392620769259768"
"Caco2","rdkit","15","5","0.7382285136525597"
"Caco2","cdk","15","10","0.6422289299317777"
"Caco2","rdkit","15","10","0.62382836475065"
"Caco2","cdk","15","20","0.6703432946673007"
"Caco2","rdkit","15","20","0.6127561588331899"
"Caco2","cdk","15","30","0.685102171472289"
"Caco2","rdkit","15","30","0.618742048837772"
"Caco2","cdk","15","40","0.6706297020944969"
"Caco2","rdkit","15","40","0.5990739230217131"
"Caco2","cdk","15","50","0.6801302910183786"
"Caco2","rdkit","15","50","0.631264076227078"
"Caco2","cdk","15","60","0.6815451681611586"
"Caco2","rdkit","15","60","0.6294791804656621"
"Caco2","cdk","15","70","0.6799206210431326"
"Caco2","rdkit","15","70","0.6348241557429535"
"Caco2","cdk","20","5","0.7341518764527472"
"Caco2","rdkit","20","5","0.7384842063274883"
"Caco2","cdk","20","10","0.6416401959818641"
"Caco2","rdkit","20","10","0.6240081199487473"
"Caco2","cdk","20","20","0.670989062626422"
"Caco2","rdkit","20","20","0.6112493375800178"
"Caco2","cdk","20","30","0.6856440471637433"
"Caco2","rdkit","20","30","0.6178957109992993"
"Caco2","cdk","20","40","0.670015064644476"
"Caco2","rdkit","20","40","0.5982083657470673"
"Caco2","cdk","20","50","0.6800505620452237"
"Caco2","rdkit","20","50","0.631165457485944"
"Caco2","cdk","20","60","0.6819165898831635"
"Caco2","rdkit","20","60","0.6293943661910234"
"Caco2","cdk","20","70","0.6799860640744521"
"Caco2","rdkit","20","70","0.6342608278087905"
"Caco2","cdk","30","5","0.7355198592725901"
"Caco2","rdkit","30","5","0.7384683672091941"
"Caco2","cdk","30","10","0.6414472119507835"
"Caco2","rdkit","30","10","0.6235918591283005"
"Caco2","cdk","30","20","0.6711486433093367"
"Caco2","rdkit","30","20","0.6112712578639392"
"Caco2","cdk","30","30","0.6859531326008401"
"Caco2","rdkit","30","30","0.6178402392544752"
"Caco2","cdk","30","40","0.6701943923401746"
"Caco2","rdkit","30","40","0.5981987215434269"
"Caco2","cdk","30","50","0.6800204011508844"
"Caco2","rdkit","30","50","0.6312499517342236"
"Caco2","cdk","30","60","0.6818486157046163"
"Caco2","rdkit","30","60","0.629494911082408"
"Caco2","cdk","30","70","0.6799062354845671"
"Caco2","rdkit","30","70","0.634240003441995"
"MalariaGSK","cdk","2","5","0.3428194362947883"
"MalariaGSK","rdkit","2","5","0.34576148985981137"
"MalariaGSK","cdk","2","10","0.3444340003307489"
"MalariaGSK","rdkit","2","10","0.3453693120020862"
"MalariaGSK","cdk","2","20","0.3445466824339321"
"MalariaGSK","rdkit","2","20","0.3462088076944119"
"MalariaGSK","cdk","2","30","0.34452101180121525"
"MalariaGSK","rdkit","2","30","0.3460158438501467"
"MalariaGSK","cdk","2","40","0.3425933997086248"
"MalariaGSK","rdkit","2","40","0.3456920218407299"
"MalariaGSK","cdk","2","50","0.343352937473056"
"MalariaGSK","rdkit","2","50","0.34597074876529677"
"MalariaGSK","cdk","2","60","0.3438101338420664"
"MalariaGSK","rdkit","2","60","0.34563281977085075"
"MalariaGSK","cdk","2","70","0.34325938007191004"
"MalariaGSK","rdkit","2","70","0.34482569630912685"
"MalariaGSK","cdk","5","5","0.32603957998324606"
"MalariaGSK","rdkit","5","5","0.3227164020884167"
"MalariaGSK","cdk","5","10","0.32539718181466326"
"MalariaGSK","rdkit","5","10","0.3233130329126472"
"MalariaGSK","cdk","5","20","0.32435445696128423"
"MalariaGSK","rdkit","5","20","0.3219228896691575"
"MalariaGSK","cdk","5","30","0.3251078940188338"
"MalariaGSK","rdkit","5","30","0.323058069493915"
"MalariaGSK","cdk","5","40","0.32434942927304256"
"MalariaGSK","rdkit","5","40","0.32161962574790987"
"MalariaGSK","cdk","5","50","0.32431263842868957"
"MalariaGSK","rdkit","5","50","0.3216707781118198"
"MalariaGSK","cdk","5","60","0.3241182990549997"
"MalariaGSK","rdkit","5","60","0.321708805275409"
"MalariaGSK","cdk","5","70","0.3243365825979988"
"MalariaGSK","rdkit","5","70","0.3212778116205085"
"MalariaGSK","cdk","10","5","0.31096759224223847"
"MalariaGSK","rdkit","10","5","0.30666574293492205"
"MalariaGSK","cdk","10","10","0.3074538076938712"
"MalariaGSK","rdkit","10","10","0.30557136793020934"
"MalariaGSK","cdk","10","20","0.3078747853699323"
"MalariaGSK","rdkit","10","20","0.3030292496560273"
"MalariaGSK","cdk","10","30","0.30791488472078893"
"MalariaGSK","rdkit","10","30","0.30348178483574634"
"MalariaGSK","cdk","10","40","0.30720759867509717"
"MalariaGSK","rdkit","10","40","0.3031209075133784"
"MalariaGSK","cdk","10","50","0.3068721895254423"
"MalariaGSK","rdkit","10","50","0.30249125443898106"
"MalariaGSK","cdk","10","60","0.30632304293716806"
"MalariaGSK","rdkit","10","60","0.30288097573699146"
"MalariaGSK","cdk","10","70","0.30677223288944344"
"MalariaGSK","rdkit","10","70","0.3028468149333185"
"MalariaGSK","cdk","15","5","0.3006676252225482"
"MalariaGSK","rdkit","15","5","0.2972576625962021"
"MalariaGSK","cdk","15","10","0.2972990648565796"
"MalariaGSK","rdkit","15","10","0.29512525088581587"
"MalariaGSK","cdk","15","20","0.2966921731272676"
"MalariaGSK","rdkit","15","20","0.29188909105251076"
"MalariaGSK","cdk","15","30","0.29600158990117753"
"MalariaGSK","rdkit","15","30","0.29235174345737436"
"MalariaGSK","cdk","15","40","0.2953840228330061"
"MalariaGSK","rdkit","15","40","0.29176727341068076"
"MalariaGSK","cdk","15","50","0.2952222848780256"
"MalariaGSK","rdkit","15","50","0.290553814012798"
"MalariaGSK","cdk","15","60","0.294466796150505"
"MalariaGSK","rdkit","15","60","0.2915576943220411"
"MalariaGSK","cdk","15","70","0.29530860109167417"
"MalariaGSK","rdkit","15","70","0.29143152510586"
"MalariaGSK","cdk","20","5","0.2958107568801238"
"MalariaGSK","rdkit","20","5","0.2917967240122686"
"MalariaGSK","cdk","20","10","0.2915537407198726"
"MalariaGSK","rdkit","20","10","0.29033357757436906"
"MalariaGSK","cdk","20","20","0.289924361836257"
"MalariaGSK","rdkit","20","20","0.28558730161378715"
"MalariaGSK","cdk","20","30","0.2895988022514509"
"MalariaGSK","rdkit","20","30","0.285798941152189"
"MalariaGSK","cdk","20","40","0.2888258305223378"
"MalariaGSK","rdkit","20","40","0.28553722123104736"
"MalariaGSK","cdk","20","50","0.28842152788398956"
"MalariaGSK","rdkit","20","50","0.2844043436472288"
"MalariaGSK","cdk","20","60","0.2882419219155284"
"MalariaGSK","rdkit","20","60","0.28540511313704375"
"MalariaGSK","cdk","20","70","0.28854197979194707"
"MalariaGSK","rdkit","20","70","0.28551699223901295"
"MalariaGSK","cdk","30","5","0.2914319240757479"
"MalariaGSK","rdkit","30","5","0.28872832378947655"
"MalariaGSK","cdk","30","10","0.2864937252750558"
"MalariaGSK","rdkit","30","10","0.2857972782263304"
"MalariaGSK","cdk","30","20","0.28451291602728934"
"MalariaGSK","rdkit","30","20","0.28064567462864315"
"MalariaGSK","cdk","30","30","0.2835362090154666"
"MalariaGSK","rdkit","30","30","0.28069970842688163"
"MalariaGSK","cdk","30","40","0.2828105322841735"
"MalariaGSK","rdkit","30","40","0.2808283214952185"
"MalariaGSK","cdk","30","50","0.2822506018459674"
"MalariaGSK","rdkit","30","50","0.27925911421164606"
"MalariaGSK","cdk","30","60","0.28201057424749376"
"MalariaGSK","rdkit","30","60","0.2796193609761386"
"MalariaGSK","cdk","30","70","0.2825992899750832"
"MalariaGSK","rdkit","30","70","0.27929407190618294"
