"NAME [String]","METHOD [String]","degree [Int]","C [Double]","featuresColumn [String]","scalerType [String]","offset [Double]","rocAuc [Double]","rocAuc_1 [Double]","rocAuc_2 [Double]","rocAuc_3 [Double]"
"SR-ARE","Smile SVC Poly classification","2","1.0E-4","rdkit_fp","MaxMin","0.0","0.8225919323573821","0.8239985621011784","0.8125150082455896","0.8312622267253784"
"SR-ARE","Smile SVC Poly classification","3","1.0E-4","rdkit_fp","MaxMin","0.0","0.810661025477267","0.811973901827925","0.7997784743193985","0.8202307002844778"
"SR-ARE","Smile SVC Poly classification","4","1.0E-4","rdkit_fp","MaxMin","0.0","0.8142373389676615","0.8154189963096009","0.802751498439138","0.8245415221542457"
"SR-ARE","Smile SVC Poly classification","2","0.001","rdkit_fp","MaxMin","0.0","0.8224573693510818","0.824283981930605","0.8129809596053565","0.8301071665172838"
"SR-ARE","Smile SVC Poly classification","3","0.001","rdkit_fp","MaxMin","0.0","0.8213098840598411","0.8220237654435352","0.8097193000869811","0.8321865866490068"
"SR-ARE","Smile SVC Poly classification","4","0.001","rdkit_fp","MaxMin","0.0","0.8133998839831471","0.8048723479097969","0.8059940746253668","0.8293332294142776"
"SR-ARE","Smile SVC Poly classification","2","0.01","rdkit_fp","MaxMin","0.0","0.8364049958281253","0.8395038014835647","0.8220614451489389","0.8476497408518726"
"SR-ARE","Smile SVC Poly classification","3","0.01","rdkit_fp","MaxMin","0.0","0.8217872621916137","0.8111778119253036","0.8159142267831321","0.8382697478664052"
"SR-ARE","Smile SVC Poly classification","4","0.01","rdkit_fp","MaxMin","0.0","0.8053724680219657","0.8042012256081777","0.7983726688517043","0.8135435096060147"
"SR-ARE","Smile SVC Poly classification","2","0.1","rdkit_fp","MaxMin","0.0","0.8372920613924683","0.8296313610051755","0.8316365070504971","0.8506083161217324"
"SR-ARE","Smile SVC Poly classification","3","0.1","rdkit_fp","MaxMin","0.0","0.8174839732095264","0.8210633662877501","0.807898432145238","0.823490121195591"
"SR-ARE","Smile SVC Poly classification","4","0.1","rdkit_fp","MaxMin","0.0","0.8083824166348527","0.8121729243035746","0.7975719640406396","0.8154023615603435"
"SR-ARE","Smile SVC Poly classification","2","1.0","rdkit_fp","MaxMin","0.0","0.8291838268043331","0.8265951111440267","0.8230505978648961","0.8379057714040767"
"SR-ARE","Smile SVC Poly classification","3","1.0","rdkit_fp","MaxMin","0.0","0.8156234375046291","0.8158694967971288","0.8061475364213305","0.8248532792954278"
"SR-ARE","Smile SVC Poly classification","4","1.0","rdkit_fp","MaxMin","0.0","0.8058608632713065","0.8058396897100759","0.796943009218841","0.8147998908850025"
"SR-ARE","Smile SVC Poly classification","2","1.0E-4","cdk_fp","MaxMin","0.0","0.8220267588956193","0.8299399229829346","0.8074181682863614","0.8287221854175618"
"SR-ARE","Smile SVC Poly classification","3","1.0E-4","cdk_fp","MaxMin","0.0","0.8095635972958122","0.8145110526900441","0.7974383807156539","0.8167413584817386"
"SR-ARE","Smile SVC Poly classification","4","1.0E-4","cdk_fp","MaxMin","0.0","0.8103434083850728","0.8091667592352615","0.796989922410349","0.8248735435096077"
"SR-ARE","Smile SVC Poly classification","2","0.001","cdk_fp","MaxMin","0.0","0.8224988858550283","0.8301836869453577","0.808226029346979","0.8290869412727478"
"SR-ARE","Smile SVC Poly classification","3","0.001","cdk_fp","MaxMin","0.0","0.8199931158857243","0.8256879389294186","0.8018967241870033","0.8323946845407509"
"SR-ARE","Smile SVC Poly classification","4","0.001","cdk_fp","MaxMin","0.0","0.8134286300635313","0.8155115649029265","0.797296050863443","0.8274782744242244"
"SR-ARE","Smile SVC Poly classification","2","0.01","cdk_fp","MaxMin","0.0","0.8374951364198164","0.8442687698251099","0.8200314556924766","0.8481851837418628"
"SR-ARE","Smile SVC Poly classification","3","0.01","cdk_fp","MaxMin","0.0","0.8259872764073547","0.8320944569926324","0.8061292482280312","0.8397381240014002"
"SR-ARE","Smile SVC Poly classification","4","0.01","cdk_fp","MaxMin","0.0","0.8103064743840466","0.8261978375976583","0.7870761313632951","0.8176454541911864"
"SR-ARE","Smile SVC Poly classification","2","0.1","cdk_fp","MaxMin","0.0","0.8408549075603603","0.8474029881141945","0.8249080421932462","0.8502536923736401"
"SR-ARE","Smile SVC Poly classification","3","0.1","cdk_fp","MaxMin","0.0","0.8197599462406259","0.8386506276150639","0.7927939747559244","0.8278352363508893"
"SR-ARE","Smile SVC Poly classification","4","0.1","cdk_fp","MaxMin","0.0","0.8110000983187519","0.8186488688117887","0.7882791764269983","0.826072249717469"
"SR-ARE","Smile SVC Poly classification","2","1.0","cdk_fp","MaxMin","0.0","0.8327555063533278","0.8435428777724331","0.8113652374841147","0.843358403803436"
"SR-ARE","Smile SVC Poly classification","3","1.0","cdk_fp","MaxMin","0.0","0.8221616058932458","0.8308015823058236","0.806847258599819","0.8288359767740952"
"SR-ARE","Smile SVC Poly classification","4","1.0","cdk_fp","MaxMin","0.0","0.8085001784164749","0.818895718393998","0.7844108259743171","0.8221939908811097"
"SR-ARE","Smile SVC Poly classification","2","1.0E-4","rdkit_desc","MaxMin","0.0","0.788092488735297","0.7775345280853105","0.7698963616036959","0.816846576516885"
"SR-ARE","Smile SVC Poly classification","3","1.0E-4","rdkit_desc","MaxMin","0.0","0.7670018158046995","0.7667456585329689","0.7610210218806268","0.7732387670005028"
"SR-ARE","Smile SVC Poly classification","4","1.0E-4","rdkit_desc","MaxMin","0.0","0.7616536719100854","0.7597629009762905","0.7654849313238559","0.7597131834301099"
"SR-ARE","Smile SVC Poly classification","2","0.001","rdkit_desc","MaxMin","0.0","0.7910582577587366","0.7850233272855164","0.7830097913396646","0.8051416546510286"
"SR-ARE","Smile SVC Poly classification","3","0.001","rdkit_desc","MaxMin","0.0","0.7814188099992986","0.7772737932141013","0.7883372215622547","0.7786454152215396"
"SR-ARE","Smile SVC Poly classification","4","0.001","rdkit_desc","MaxMin","0.0","0.7774638818075504","0.7809518519889912","0.7673105700986393","0.7841292233350209"
"SR-ARE","Smile SVC Poly classification","2","0.01","rdkit_desc","MaxMin","0.0","0.79058847961565","0.7833864059935053","0.7878903535346317","0.8004886793188134"
"SR-ARE","Smile SVC Poly classification","3","0.01","rdkit_desc","MaxMin","0.0","0.7891617906789582","0.7880503202873306","0.7793664651784835","0.8000685865710604"
"SR-ARE","Smile SVC Poly classification","4","0.01","rdkit_desc","MaxMin","0.0","0.7849496335893621","0.7808500265363294","0.7898400339683286","0.7841588402634284"
"SR-ARE","Smile SVC Poly classification","2","0.1","rdkit_desc","MaxMin","0.0","0.7987535249977652","0.7941660186865097","0.7928377073920894","0.8092568489146963"
"SR-ARE","Smile SVC Poly classification","3","0.1","rdkit_desc","MaxMin","0.0","0.7997703896167446","0.7977075387862407","0.7983130334387692","0.803290596625224"
"SR-ARE","Smile SVC Poly classification","4","0.1","rdkit_desc","MaxMin","0.0","0.8073194912035238","0.8165591328174179","0.8036690886595677","0.8017302521335857"
"SR-ARE","Smile SVC Poly classification","2","1.0","rdkit_desc","MaxMin","0.0","0.8053550566955713","0.7947121733871506","0.7988807625699497","0.8224722341296132"
"SR-ARE","Smile SVC Poly classification","3","1.0","rdkit_desc","MaxMin","0.0","0.8022896476973526","0.8160708334876152","0.7864654647347924","0.80433264486965"
"SR-ARE","Smile SVC Poly classification","4","1.0","rdkit_desc","MaxMin","0.0","0.7226794421298507","0.6452478369805313","0.7815387844871565","0.741251704921864"
"SR-ARE","Smile SVC Poly classification","2","1.0E-4","cdk_desc","MaxMin","0.0","0.7933569787458112","0.7934686686167746","0.7769222083867988","0.8096800592338601"
"SR-ARE","Smile SVC Poly classification","3","1.0E-4","cdk_desc","MaxMin","0.0","0.7792118033580627","0.7909091470112668","0.7597265358504247","0.7869997272124968"
"SR-ARE","Smile SVC Poly classification","4","1.0E-4","cdk_desc","MaxMin","0.0","0.7809940006830036","0.7898029523210023","0.764774077201612","0.7884049725263966"
"SR-ARE","Smile SVC Poly classification","2","0.001","cdk_desc","MaxMin","0.0","0.786281794223965","0.7829929894718674","0.7768188403377098","0.7990335528623179"
"SR-ARE","Smile SVC Poly classification","3","0.001","cdk_desc","MaxMin","0.0","0.7874272429838273","0.7902943372705873","0.7765437222993424","0.7954436693815522"
"SR-ARE","Smile SVC Poly classification","4","0.001","cdk_desc","MaxMin","0.0","0.8098093721267371","0.8082426161118679","0.8014426999098297","0.8197428003585139"
"SR-ARE","Smile SVC Poly classification","2","0.01","cdk_desc","MaxMin","0.0","0.789432780349986","0.7965188037669245","0.7758869376181727","0.7958925996648608"
"SR-ARE","Smile SVC Poly classification","3","0.01","cdk_desc","MaxMin","0.0","0.8060607742399463","0.8113698917564545","0.7987519500779977","0.8080604808853864"
"SR-ARE","Smile SVC Poly classification","4","0.01","cdk_desc","MaxMin","0.0","0.8136024940102766","0.8196293244961177","0.813587650539659","0.8075905069950533"
"SR-ARE","Smile SVC Poly classification","2","0.1","cdk_desc","MaxMin","0.0","0.7977832533406392","0.7966499426074803","0.7904872769834319","0.8062125404310051"
"SR-ARE","Smile SVC Poly classification","3","0.1","cdk_desc","MaxMin","0.0","0.8197712582430156","0.8226509176633184","0.8203431501174443","0.816319706948284"
"SR-ARE","Smile SVC Poly classification","4","0.1","cdk_desc","MaxMin","0.0","0.7749820778481631","0.8218640846200429","0.7645053202739677","0.7385768286504784"
"SR-ARE","Smile SVC Poly classification","2","1.0","cdk_desc","MaxMin","0.0","0.8155779641171116","0.8133662877525571","0.807434866201983","0.8259327383967945"
"SR-ARE","Smile SVC Poly classification","3","1.0","cdk_desc","MaxMin","0.0","0.7780813177016229","0.7945455499191509","0.7739308960737604","0.7657675071119571"
"SR-ARE","Smile SVC Poly classification","4","1.0","cdk_desc","MaxMin","0.0","0.7556039063617174","0.7615031905308466","0.7745240696477952","0.7307844589065102"
"SR-ARE","Smile SVC Poly classification","2","1.0E-4","rdkit_fp","Standard","0.0","0.7922678870414864","0.8081068488416568","0.7690272748524576","0.7996695374303449"
"SR-ARE","Smile SVC Poly classification","3","1.0E-4","rdkit_fp","Standard","0.0","0.7628766432412232","0.781230329173916","0.7378800962436088","0.7695195043061448"
"SR-ARE","Smile SVC Poly classification","4","1.0E-4","rdkit_fp","Standard","0.0","0.7382672392452564","0.758930555041286","0.6947613072718583","0.7611098554226247"
"SR-ARE","Smile SVC Poly classification","2","0.001","rdkit_fp","Standard","0.0","0.792405273486256","0.8088705397366142","0.7576909804220888","0.8106543003000655"
"SR-ARE","Smile SVC Poly classification","3","0.001","rdkit_fp","Standard","0.0","0.7543368073324609","0.7560254440206831","0.7178084065258609","0.7891765714508391"
"SR-ARE","Smile SVC Poly classification","4","0.001","rdkit_fp","Standard","0.0","0.7332216624250218","0.7489701743992299","0.6850590231560297","0.7656357897198058"
"SR-ARE","Smile SVC Poly classification","2","0.01","rdkit_fp","Standard","0.0","0.7854009682168233","0.8031806568667317","0.7528414286418572","0.8001808191418808"
"SR-ARE","Smile SVC Poly classification","3","0.01","rdkit_fp","Standard","0.0","0.7454890841963006","0.749838776366625","0.7312526140189328","0.7553758622033436"
"SR-ARE","Smile SVC Poly classification","4","0.01","rdkit_fp","Standard","0.0","0.7399105443226986","0.7763820490983814","0.6821742594474409","0.7611753244222739"
"SR-ARE","Smile SVC Poly classification","2","0.1","rdkit_fp","Standard","0.0","0.7505509778891698","0.7710092136606544","0.7089863411050175","0.7716573789018379"
"SR-ARE","Smile SVC Poly classification","3","0.1","rdkit_fp","Standard","0.0","0.7275657682081483","0.7524931807802928","0.6732289475065197","0.7569751763376324"
"SR-ARE","Smile SVC Poly classification","4","0.1","rdkit_fp","Standard","0.0","0.7434675428171983","0.7608744955011688","0.6669187256786919","0.8026094072717342"
"SR-ARE","Smile SVC Poly classification","2","1.0","rdkit_fp","Standard","0.0","0.7443218717544585","0.7418169363498345","0.7308844647363834","0.7602642141771574"
"SR-ARE","Smile SVC Poly classification","3","1.0","rdkit_fp","Standard","0.0","0.7435496292835655","0.7626957825748905","0.6846360092935805","0.7833170959822257"
"SR-ARE","Smile SVC Poly classification","4","1.0","rdkit_fp","Standard","0.0","0.7426236639328235","0.7716402229051751","0.6751372807205865","0.7810934881727092"
"SR-ARE","Smile SVC Poly classification","2","1.0E-4","cdk_fp","Standard","0.0","0.7961484566753504","0.8023027980400153","0.7636266918566627","0.8225158801293732"
"SR-ARE","Smile SVC Poly classification","3","1.0E-4","cdk_fp","Standard","0.0","0.7730087677516444","0.7792971883832599","0.7281738364335795","0.8115552784380937"
"SR-ARE","Smile SVC Poly classification","4","1.0E-4","cdk_fp","Standard","0.0","0.7391521913701607","0.7739976364152524","0.6575090526556815","0.7859498850395485"
"SR-ARE","Smile SVC Poly classification","2","0.001","cdk_fp","Standard","0.0","0.7859977012122678","0.797918132336058","0.7500075538189718","0.8100674174817731"
"SR-ARE","Smile SVC Poly classification","3","0.001","cdk_fp","Standard","0.0","0.7506608970824141","0.76917789832266","0.7154317365355141","0.7673730563890685"
"SR-ARE","Smile SVC Poly classification","4","0.001","cdk_fp","Standard","0.0","0.7372064782996309","0.7687459115537961","0.6531357890401224","0.7897377343049743"
"SR-ARE","Smile SVC Poly classification","2","0.01","cdk_fp","Standard","0.0","0.777521357942364","0.7995103121412951","0.733927461073975","0.799126300611822"
"SR-ARE","Smile SVC Poly classification","3","0.01","cdk_fp","Standard","0.0","0.7284884337198297","0.7679313079325129","0.6575090526556857","0.7600249405712906"
"SR-ARE","Smile SVC Poly classification","4","0.01","cdk_fp","Standard","0.0","0.7412466907484072","0.7766312128954181","0.6590452608930023","0.7880635984568012"
"SR-ARE","Smile SVC Poly classification","2","0.1","cdk_fp","Standard","0.0","0.7720439280668558","0.7873529702175991","0.7506555919729139","0.7781232220100548"
"SR-ARE","Smile SVC Poly classification","3","0.1","cdk_fp","Standard","0.0","0.728191405735544","0.7695204021179726","0.64766205327112","0.7673917618175393"
"SR-ARE","Smile SVC Poly classification","4","0.1","cdk_fp","Standard","0.0","0.7320357054928933","0.7370527394132373","0.6771378500399962","0.7819165270254467"
"SR-ARE","Smile SVC Poly classification","2","1.0","cdk_fp","Standard","0.0","0.7412969526844607","0.7253389553325642","0.7487019358450145","0.7498499668758032"
"SR-ARE","Smile SVC Poly classification","3","1.0","cdk_fp","Standard","0.0","0.7390248049825564","0.7569372446649615","0.6910814047240792","0.7690557655586288"
"SR-ARE","Smile SVC Poly classification","4","1.0","cdk_fp","Standard","0.0","0.7594988674437831","0.7708364189531056","0.7262042775289002","0.7814559058493437"
"SR-ARE","Smile SVC Poly classification","2","1.0E-4","rdkit_desc","Standard","0.0","0.7810120297304252","0.7773324199898811","0.7794825554490104","0.7862211137523838"
"SR-ARE","Smile SVC Poly classification","3","1.0E-4","rdkit_desc","Standard","0.0","0.7349246424698158","0.7525610644153937","0.7377091413931819","0.7145037216008717"
"SR-ARE","Smile SVC Poly classification","4","1.0E-4","rdkit_desc","Standard","0.0","0.5706607477457312","0.3094213228669117","0.6953632273731281","0.7071976929971537"
"SR-ARE","Smile SVC Poly classification","2","0.001","rdkit_desc","Standard","0.0","0.7916855506437906","0.7911050838671423","0.7859359022678887","0.7980156657963409"
"SR-ARE","Smile SVC Poly classification","3","0.001","rdkit_desc","Standard","0.0","0.7108337842656903","0.7053294824798519","0.7125262992171046","0.7146455711001146"
"SR-ARE","Smile SVC Poly classification","4","0.001","rdkit_desc","Standard","0.0","0.5543231128662288","0.3194989570605147","0.6632427988251024","0.6802275827130692"
"SR-ARE","Smile SVC Poly classification","2","0.01","rdkit_desc","Standard","0.0","0.7266242842297883","0.7459655521408057","0.6984714250955367","0.7354358754530226"
"SR-ARE","Smile SVC Poly classification","3","0.01","rdkit_desc","Standard","0.0","0.7079915600739657","0.6970924204835767","0.7134478651317261","0.7134343946065946"
"SR-ARE","Smile SVC Poly classification","4","0.01","rdkit_desc","Standard","0.0","0.5644263258271988","0.31205027091741555","0.682442221236254","0.6987864853279266"
"SR-ARE","Smile SVC Poly classification","2","0.1","rdkit_desc","Standard","0.0","0.7001928335778435","0.6990332753236835","0.6994884076708642","0.7020568177389825"
"SR-ARE","Smile SVC Poly classification","3","0.1","rdkit_desc","Standard","0.0","0.6830760615763452","0.6535003270756976","0.705078233710389","0.690649623942949"
"SR-ARE","Smile SVC Poly classification","4","0.1","rdkit_desc","Standard","0.0","0.5620393566195688","0.31213975389096593","0.6847401724815163","0.689238143486224"
"SR-ARE","Smile SVC Poly classification","2","1.0","rdkit_desc","Standard","0.0","0.7101377149884138","0.7287431653521854","0.6765454716047992","0.7251245080082567"
"SR-ARE","Smile SVC Poly classification","3","1.0","rdkit_desc","Standard","0.0","0.6977327844921883","0.6719677614445652","0.7148107331021047","0.7064198589298951"
"SR-ARE","Smile SVC Poly classification","4","1.0","rdkit_desc","Standard","0.0","0.5605425789767144","0.32358894607570937","0.6795367839178375","0.6785020069365966"
"SR-ARE","Smile SVC Poly classification","2","1.0E-4","cdk_desc","Standard","0.0","0.795986905504504","0.8038008664420311","0.79877580424318","0.7853840458283012"
"SR-ARE","Smile SVC Poly classification","3","1.0E-4","cdk_desc","Standard","0.0","0.7517356990386407","0.775307482010833","0.7214342396325811","0.7584653754725081"
"SR-ARE","Smile SVC Poly classification","4","1.0E-4","cdk_desc","Standard","0.0","0.7027865852821019","0.7076992384690366","0.6870858320571344","0.7135746853201349"
"SR-ARE","Smile SVC Poly classification","2","0.001","cdk_desc","Standard","0.0","0.7953455428163844","0.7910271719677605","0.8095435744035259","0.7854658820778666"
"SR-ARE","Smile SVC Poly classification","3","0.001","cdk_desc","Standard","0.0","0.7195313136605637","0.7430558126905379","0.706989747479808","0.7085483808113452"
"SR-ARE","Smile SVC Poly classification","4","0.001","cdk_desc","Standard","0.0","0.7009004559084772","0.7028617580627218","0.6843203391744229","0.7155192704882869"
"SR-ARE","Smile SVC Poly classification","2","0.01","cdk_desc","Standard","0.0","0.7468171049923019","0.7524160402858482","0.733889294409695","0.7541459802813627"
"SR-ARE","Smile SVC Poly classification","3","0.01","cdk_desc","Standard","0.0","0.7153016623989155","0.7273623505017169","0.6932513386162326","0.7252912980787967"
"SR-ARE","Smile SVC Poly classification","4","0.01","cdk_desc","Standard","0.0","0.5492004888408637","0.27029566408708794","0.673811784275651","0.703494018159852"
"SR-ARE","Smile SVC Poly classification","2","0.1","cdk_desc","Standard","0.0","0.7148334757716622","0.7103158440404338","0.7169210315813259","0.7172635516932272"
"SR-ARE","Smile SVC Poly classification","3","0.1","cdk_desc","Standard","0.0","0.708353002791062","0.7410162180175509","0.686244575165267","0.6977982151903681"
"SR-ARE","Smile SVC Poly classification","4","0.1","cdk_desc","Standard","0.0","0.6999535125358068","0.7228604312462186","0.6727796940623801","0.7042204122988216"
"SR-ARE","Smile SVC Poly classification","2","1.0","cdk_desc","Standard","0.0","0.707778524857435","0.7151170684143606","0.6914654567834073","0.716753049374537"
"SR-ARE","Smile SVC Poly classification","3","1.0","cdk_desc","Standard","0.0","0.7150161094635571","0.7309524691129439","0.6993739076780208","0.7147219515997066"
"SR-ARE","Smile SVC Poly classification","4","1.0","cdk_desc","Standard","0.0","0.6919867519830311","0.7013459473469851","0.6571902019811684","0.7174241066209399"
"SR-ARE","Smile SVC Poly classification","2","1.0E-4","rdkit_fp","MaxMin","2.0","0.832779202941161","0.8397876785030988","0.8177931398601521","0.8407567904602322"
"SR-ARE","Smile SVC Poly classification","3","1.0E-4","rdkit_fp","MaxMin","2.0","0.8294577759586647","0.8336364954764851","0.8165574941040412","0.8381793382954676"
"SR-ARE","Smile SVC Poly classification","4","1.0E-4","rdkit_fp","MaxMin","2.0","0.8392826830267767","0.8352163328026033","0.8308652223764781","0.8517664939012481"
"SR-ARE","Smile SVC Poly classification","2","0.001","rdkit_fp","MaxMin","2.0","0.833806717140592","0.8392399809925863","0.8194374869795964","0.8427426834495935"
"SR-ARE","Smile SVC Poly classification","3","0.001","rdkit_fp","MaxMin","2.0","0.8450097518229392","0.8419182989595267","0.835760892209383","0.8573500642999081"
"SR-ARE","Smile SVC Poly classification","4","0.001","rdkit_fp","MaxMin","2.0","0.8405671171739879","0.8372327853272636","0.8332570000047612","0.851211566189939"
"SR-ARE","Smile SVC Poly classification","2","0.01","rdkit_fp","MaxMin","2.0","0.8470677964724928","0.8445302761012548","0.8367222150659667","0.8599508982502571"
"SR-ARE","Smile SVC Poly classification","3","0.01","rdkit_fp","MaxMin","2.0","0.8448231967180603","0.8391026709124767","0.8337738402502393","0.8615930789914649"
"SR-ARE","Smile SVC Poly classification","4","0.01","rdkit_fp","MaxMin","2.0","0.8265981369835024","0.8179754322953262","0.826072125453822","0.8357468532013587"
"SR-ARE","Smile SVC Poly classification","2","0.1","rdkit_fp","MaxMin","2.0","0.8435671320001618","0.8383474654719136","0.8365361525775978","0.8558177779509739"
"SR-ARE","Smile SVC Poly classification","3","0.1","rdkit_fp","MaxMin","2.0","0.8296445631126557","0.8207231767072751","0.8270819517795945","0.8411285608510974"
"SR-ARE","Smile SVC Poly classification","4","0.1","rdkit_fp","MaxMin","2.0","0.8139814701895883","0.8077126609150751","0.8110455916707623","0.8231861579829279"
"SR-ARE","Smile SVC Poly classification","2","1.0","rdkit_fp","MaxMin","2.0","0.8317659907928294","0.8258738475210093","0.8307077848863126","0.8387163399711663"
"SR-ARE","Smile SVC Poly classification","3","1.0","rdkit_fp","MaxMin","2.0","0.8224668548970998","0.8151243196208358","0.8202548897062895","0.8320213553641744"
"SR-ARE","Smile SVC Poly classification","4","1.0","rdkit_fp","MaxMin","2.0","0.8111596548877754","0.8053205341824988","0.8124871783862082","0.8156712520946189"
"SR-ARE","Smile SVC Poly classification","2","1.0E-4","cdk_fp","MaxMin","2.0","0.8351812709017633","0.8456773552535743","0.8163436017563029","0.8435228556954131"
"SR-ARE","Smile SVC Poly classification","3","1.0E-4","cdk_fp","MaxMin","2.0","0.8268770895348245","0.8341155379469528","0.8130906887651577","0.8334250418923631"
"SR-ARE","Smile SVC Poly classification","4","1.0E-4","cdk_fp","MaxMin","2.0","0.8413868068798859","0.8459550610335567","0.8266446254180306","0.8515607341880701"
"SR-ARE","Smile SVC Poly classification","2","0.001","cdk_fp","MaxMin","2.0","0.8354693661837617","0.8466632107725096","0.8161869594049792","0.8435579283737961"
"SR-ARE","Smile SVC Poly classification","3","0.001","cdk_fp","MaxMin","2.0","0.8470658583277996","0.8516912282000991","0.8306091876702505","0.858897159113049"
"SR-ARE","Smile SVC Poly classification","4","0.001","cdk_fp","MaxMin","2.0","0.8409602158482382","0.8464240752397527","0.8231897471617488","0.8532668251432128"
"SR-ARE","Smile SVC Poly classification","2","0.01","cdk_fp","MaxMin","2.0","0.8490843900242172","0.8534808876710962","0.8348759026813596","0.8588963797201957"
"SR-ARE","Smile SVC Poly classification","3","0.01","cdk_fp","MaxMin","2.0","0.8478049347423227","0.849827513854426","0.8344290346537419","0.8591582557188001"
"SR-ARE","Smile SVC Poly classification","4","0.01","cdk_fp","MaxMin","2.0","0.8220256482233202","0.8120734130657513","0.8138079039981116","0.8401956276060978"
"SR-ARE","Smile SVC Poly classification","2","0.1","cdk_fp","MaxMin","2.0","0.8464869674880852","0.8474569864602994","0.8316524098272753","0.8603515061766808"
"SR-ARE","Smile SVC Poly classification","3","0.1","cdk_fp","MaxMin","2.0","0.8323192417745288","0.8251988681946729","0.8237248756005274","0.8480339815283857"
"SR-ARE","Smile SVC Poly classification","4","0.1","cdk_fp","MaxMin","2.0","0.806304135124913","0.8089384233717168","0.7837341628221716","0.8262398191808503"
"SR-ARE","Smile SVC Poly classification","2","1.0","cdk_fp","MaxMin","2.0","0.8359046681294521","0.8313878500635665","0.8236882992139258","0.8526378551108641"
"SR-ARE","Smile SVC Poly classification","3","1.0","cdk_fp","MaxMin","2.0","0.8205304757119465","0.8207895175324904","0.7974216828000306","0.8433802268033186"
"SR-ARE","Smile SVC Poly classification","4","1.0","cdk_fp","MaxMin","2.0","0.8021085494196125","0.7941058491008471","0.7844227530569087","0.8277970461010816"
"SR-ARE","Smile SVC Poly classification","2","1.0E-4","rdkit_desc","MaxMin","2.0","0.798385076863144","0.8010160945927479","0.7928297560036958","0.801309379992988"
"SR-ARE","Smile SVC Poly classification","3","1.0E-4","rdkit_desc","MaxMin","2.0","0.774653928882199","0.772562051813726","0.773592166928268","0.777807567904603"
"SR-ARE","Smile SVC Poly classification","4","1.0E-4","rdkit_desc","MaxMin","2.0","0.7809562457013633","0.7862637464361086","0.7805035137185243","0.7761014769494567"
"SR-ARE","Smile SVC Poly classification","2","0.001","rdkit_desc","MaxMin","2.0","0.7869540776334927","0.7768464348749073","0.7823704997129558","0.8016452983126149"
"SR-ARE","Smile SVC Poly classification","3","0.001","rdkit_desc","MaxMin","2.0","0.7863217919169267","0.7820194764320338","0.7886664090416752","0.788279490277071"
"SR-ARE","Smile SVC Poly classification","4","0.001","rdkit_desc","MaxMin","2.0","0.8012309841734262","0.792448871280289","0.7974542834924366","0.813789797747553"
"SR-ARE","Smile SVC Poly classification","2","0.01","rdkit_desc","MaxMin","2.0","0.7920715062919795","0.7803038718356952","0.7908594019601636","0.8050512450800802"
"SR-ARE","Smile SVC Poly classification","3","0.01","rdkit_desc","MaxMin","2.0","0.8053313655578039","0.7964509201318165","0.7999398875037518","0.8196032890378437"
"SR-ARE","Smile SVC Poly classification","4","0.01","rdkit_desc","MaxMin","2.0","0.8059143677006763","0.8112541810147992","0.8012677693652057","0.8052211527220239"
"SR-ARE","Smile SVC Poly classification","2","0.1","rdkit_desc","MaxMin","2.0","0.8014103093842381","0.7992943187568621","0.7939986100973098","0.8109379992985426"
"SR-ARE","Smile SVC Poly classification","3","0.1","rdkit_desc","MaxMin","2.0","0.8095896795927054","0.8106478567285049","0.8044467344442976","0.8136744476053137"
"SR-ARE","Smile SVC Poly classification","4","0.1","rdkit_desc","MaxMin","2.0","0.7775609503580453","0.7651087372409571","0.7658204799140008","0.8017536339191779"
"SR-ARE","Smile SVC Poly classification","2","1.0","rdkit_desc","MaxMin","2.0","0.8120440038355476","0.8156411609335856","0.8036754497702807","0.8168154008027767"
"SR-ARE","Smile SVC Poly classification","3","1.0","rdkit_desc","MaxMin","2.0","0.790698384250752","0.7555325162612134","0.799854012509121","0.8167086239819213"
"SR-ARE","Smile SVC Poly classification","4","1.0","rdkit_desc","MaxMin","2.0","0.7488753957527754","0.765193591784847","0.7321352181304311","0.7492973773430481"
"SR-ARE","Smile SVC Poly classification","2","1.0E-4","cdk_desc","MaxMin","2.0","0.7801482047624712","0.7821521580824726","0.7727540905917535","0.7855383656131876"
"SR-ARE","Smile SVC Poly classification","3","1.0E-4","cdk_desc","MaxMin","2.0","0.7820316223363188","0.7877479295491362","0.7664136534880337","0.7919332839717866"
"SR-ARE","Smile SVC Poly classification","4","1.0E-4","cdk_desc","MaxMin","2.0","0.7871812274684334","0.7925352686340571","0.7711447295812285","0.7978636841900151"
"SR-ARE","Smile SVC Poly classification","2","0.001","cdk_desc","MaxMin","2.0","0.787103389185123","0.7848073339010841","0.7788082777133658","0.7976945559409194"
"SR-ARE","Smile SVC Poly classification","3","0.001","cdk_desc","MaxMin","2.0","0.7876015258340265","0.7976928820922946","0.7733218197229405","0.7917898756868443"
"SR-ARE","Smile SVC Poly classification","4","0.001","cdk_desc","MaxMin","2.0","0.8145192559150606","0.8134434282470027","0.8067224218020653","0.8233919176961139"
"SR-ARE","Smile SVC Poly classification","2","0.01","cdk_desc","MaxMin","2.0","0.7900885826090603","0.7931693634983515","0.778475909678582","0.7986204746502471"
"SR-ARE","Smile SVC Poly classification","3","0.01","cdk_desc","MaxMin","2.0","0.810263833929632","0.809015563866157","0.8064632065404853","0.8153127313822537"
"SR-ARE","Smile SVC Poly classification","4","0.01","cdk_desc","MaxMin","2.0","0.8148037358839092","0.8134657989903785","0.8162195600973845","0.8147258485639643"
"SR-ARE","Smile SVC Poly classification","2","0.1","cdk_desc","MaxMin","2.0","0.8014976673924883","0.8053591044297198","0.7870649994195471","0.8120688983281978"
"SR-ARE","Smile SVC Poly classification","3","0.1","cdk_desc","MaxMin","2.0","0.8233627310905364","0.8208851717455923","0.8216678514235297","0.827535170102487"
"SR-ARE","Smile SVC Poly classification","4","0.1","cdk_desc","MaxMin","2.0","0.771304986563985","0.7590493514027188","0.7643780980597026","0.790487510229534"
"SR-ARE","Smile SVC Poly classification","2","1.0","cdk_desc","MaxMin","2.0","0.8186233257350021","0.817568901889637","0.817348657249042","0.8209524180663269"
"SR-ARE","Smile SVC Poly classification","3","1.0","cdk_desc","MaxMin","2.0","0.8016486098108896","0.8021192036632425","0.791825495649795","0.8110011301196316"
"SR-ARE","Smile SVC Poly classification","4","1.0","cdk_desc","MaxMin","2.0","0.6768199796703414","0.6777826119154338","0.7019302790460198","0.6507470480495704"
"SR-ARE","Smile SVC Poly classification","2","1.0E-4","rdkit_fp","Standard","2.0","0.790965559306324","0.7993830303254658","0.7673050041267692","0.8062086434667372"
"SR-ARE","Smile SVC Poly classification","3","1.0E-4","rdkit_fp","Standard","2.0","0.7618077601575143","0.7729315547820932","0.7440376514143116","0.7684540742761378"
"SR-ARE","Smile SVC Poly classification","4","1.0E-4","rdkit_fp","Standard","2.0","0.7326071536695137","0.7663499277964965","0.6714637392835171","0.7600077939285272"
"SR-ARE","Smile SVC Poly classification","2","0.001","rdkit_fp","Standard","2.0","0.7907362865666644","0.8099265931054869","0.7588264386844554","0.8034558279100508"
"SR-ARE","Smile SVC Poly classification","3","0.001","rdkit_fp","Standard","2.0","0.7511325716060329","0.7674052097604277","0.7284982530799667","0.7574942519777041"
"SR-ARE","Smile SVC Poly classification","4","0.001","rdkit_fp","Standard","2.0","0.7335442359259705","0.7559436750965766","0.6673592325956015","0.7773298000857338"
"SR-ARE","Smile SVC Poly classification","2","0.01","rdkit_fp","Standard","2.0","0.788862776800391","0.8001289789067106","0.7631718724406462","0.8032874790538158"
"SR-ARE","Smile SVC Poly classification","3","0.01","rdkit_fp","Standard","2.0","0.7305601769658668","0.7481987694548305","0.6863694119630197","0.7571123494797501"
"SR-ARE","Smile SVC Poly classification","4","0.01","rdkit_fp","Standard","2.0","0.7489089733576056","0.7739667802174722","0.7115435076118639","0.7612166322434807"
"SR-ARE","Smile SVC Poly classification","2","0.1","rdkit_fp","Standard","2.0","0.7704366282958134","0.7765239876081438","0.7639344105874282","0.7708514866918684"
"SR-ARE","Smile SVC Poly classification","3","0.1","rdkit_fp","Standard","2.0","0.7386148453969102","0.7526274052406126","0.7059878725424231","0.7572292584076952"
"SR-ARE","Smile SVC Poly classification","4","0.1","rdkit_fp","Standard","2.0","0.7206137909101914","0.717126578294516","0.688732564593103","0.7559822298429552"
"SR-ARE","Smile SVC Poly classification","2","1.0","rdkit_fp","Standard","2.0","0.7216038790967444","0.7973958911887038","0.7178751981883538","0.6495405479131757"
"SR-ARE","Smile SVC Poly classification","3","1.0","rdkit_fp","Standard","2.0","0.7242971229453304","0.7357290085286513","0.6803040928976576","0.7568582674096828"
"SR-ARE","Smile SVC Poly classification","4","1.0","rdkit_fp","Standard","2.0","0.5654909645226464","0.2613651090458034","0.6875016896700291","0.7476060948521064"
"SR-ARE","Smile SVC Poly classification","2","1.0E-4","cdk_fp","Standard","2.0","0.7952494219351799","0.7989363868626672","0.7698748928550375","0.8169369860878349"
"SR-ARE","Smile SVC Poly classification","3","1.0E-4","cdk_fp","Standard","2.0","0.7732305339529906","0.7813684106589633","0.7358930442844606","0.802430146915548"
"SR-ARE","Smile SVC Poly classification","4","1.0E-4","cdk_fp","Standard","2.0","0.7494828796361676","0.7750251478011885","0.6853357314720703","0.788087759635244"
"SR-ARE","Smile SVC Poly classification","2","0.001","cdk_fp","Standard","2.0","0.7813374815908909","0.7828865355895414","0.7609256052199245","0.800200303963207"
"SR-ARE","Smile SVC Poly classification","3","0.001","cdk_fp","Standard","2.0","0.7521070630436691","0.7632982498364599","0.7235548749167058","0.769468064377842"
"SR-ARE","Smile SVC Poly classification","4","0.001","cdk_fp","Standard","2.0","0.7488112024838753","0.7777636353537946","0.673725114142182","0.7949448579556496"
"SR-ARE","Smile SVC Poly classification","2","0.01","cdk_fp","Standard","2.0","0.7738630702894849","0.7822678688241309","0.7365100720236728","0.8028112700206511"
"SR-ARE","Smile SVC Poly classification","3","0.01","cdk_fp","Standard","2.0","0.7432907694713108","0.7645402117969398","0.6973137029456681","0.7680183936713245"
"SR-ARE","Smile SVC Poly classification","4","0.01","cdk_fp","Standard","2.0","0.7453915187111848","0.7719958405845345","0.6814586344921663","0.7827200810568533"
"SR-ARE","Smile SVC Poly classification","2","0.1","cdk_fp","Standard","2.0","0.7686329329593525","0.7813043840485807","0.7549143555956264","0.7696800592338505"
"SR-ARE","Smile SVC Poly classification","3","0.1","cdk_fp","Standard","2.0","0.7367704690428142","0.7607911837671697","0.6790350513103071","0.7704851720509658"
"SR-ARE","Smile SVC Poly classification","4","0.1","cdk_fp","Standard","2.0","0.7206078965478177","0.740263326791823","0.6419640883494682","0.7795962745021618"
"SR-ARE","Smile SVC Poly classification","2","1.0","cdk_fp","Standard","2.0","0.7593433537367867","0.7299087582231722","0.7383516135752467","0.8097696894119412"
"SR-ARE","Smile SVC Poly classification","3","1.0","cdk_fp","Standard","2.0","0.729916230198409","0.7645294121277145","0.6567457193700571","0.7684735590974553"
"SR-ARE","Smile SVC Poly classification","4","1.0","cdk_fp","Standard","2.0","0.7231152691765791","0.7560493575739603","0.6666801840269343","0.7466162659288424"
"SR-ARE","Smile SVC Poly classification","2","1.0E-4","rdkit_desc","Standard","2.0","0.7906567589687361","0.7856003381839236","0.7873878257882604","0.7989821129340243"
"SR-ARE","Smile SVC Poly classification","3","1.0E-4","rdkit_desc","Standard","2.0","0.7610532857065376","0.7808831969489373","0.7390219156166842","0.7632547445539916"
"SR-ARE","Smile SVC Poly classification","4","1.0E-4","rdkit_desc","Standard","2.0","0.570048778689695","0.29605441799039695","0.712162920767595","0.7019289973110928"
"SR-ARE","Smile SVC Poly classification","2","0.001","rdkit_desc","Standard","2.0","0.79221685793481","0.7997016205675125","0.7878760410355231","0.7890729122013944"
"SR-ARE","Smile SVC Poly classification","3","0.001","rdkit_desc","Standard","2.0","0.7153163344541088","0.7333183680774142","0.7029965602293802","0.7096340750555318"
"SR-ARE","Smile SVC Poly classification","4","0.001","rdkit_desc","Standard","2.0","0.69980741640561","0.6906234186198659","0.700186539571674","0.7086122910252901"
"SR-ARE","Smile SVC Poly classification","2","0.01","rdkit_desc","Standard","2.0","0.7261504618365215","0.6914750496784773","0.7294548051035198","0.7575215307275677"
"SR-ARE","Smile SVC Poly classification","3","0.01","rdkit_desc","Standard","2.0","0.7142749085316705","0.7216215549055176","0.7230292881440001","0.698173882545494"
"SR-ARE","Smile SVC Poly classification","4","0.01","rdkit_desc","Standard","2.0","0.5605633363077908","0.2803748410905818","0.6961361023248238","0.7051790655079667"
"SR-ARE","Smile SVC Poly classification","2","0.1","rdkit_desc","Standard","2.0","0.6973003399966086","0.7277110255365843","0.6598698198692456","0.7043201745839958"
"SR-ARE","Smile SVC Poly classification","3","0.1","rdkit_desc","Standard","2.0","0.7164154355043381","0.709877686032015","0.7309472807046867","0.7084213397763127"
"SR-ARE","Smile SVC Poly classification","4","0.1","rdkit_desc","Standard","2.0","0.5711165470884808","0.30592531565890396","0.697370157803257","0.7100541678032816"
"SR-ARE","Smile SVC Poly classification","2","1.0","rdkit_desc","Standard","2.0","0.6952909709837597","0.6834771232149659","0.6841120127985522","0.7182837769377615"
"SR-ARE","Smile SVC Poly classification","3","1.0","rdkit_desc","Standard","2.0","0.7098693871610999","0.7002366670369354","0.7083239904519755","0.721047503994389"
"SR-ARE","Smile SVC Poly classification","4","1.0","rdkit_desc","Standard","2.0","0.5784937802745024","0.3140867799706251","0.6836937697691369","0.7377007910837452"
"SR-ARE","Smile SVC Poly classification","2","1.0E-4","cdk_desc","Standard","2.0","0.8123972237926104","0.8185871564162402","0.8126780117076259","0.8059265032539651"
"SR-ARE","Smile SVC Poly classification","3","1.0E-4","cdk_desc","Standard","2.0","0.7558612112794462","0.7679606213203997","0.7251379963455372","0.7744850161724016"
"SR-ARE","Smile SVC Poly classification","4","1.0E-4","cdk_desc","Standard","2.0","0.585547884386935","0.7146465113982783","0.31334354291602684","0.7286535988465"
"SR-ARE","Smile SVC Poly classification","2","0.001","cdk_desc","Standard","2.0","0.806386943762161","0.8086321756087956","0.809028324435725","0.8015003312419621"
"SR-ARE","Smile SVC Poly classification","3","0.001","cdk_desc","Standard","2.0","0.7287898407972359","0.7546261154515457","0.70786280992524","0.7238805970149219"
"SR-ARE","Smile SVC Poly classification","4","0.001","cdk_desc","Standard","2.0","0.7207851440685396","0.7316783611656189","0.6794795339214189","0.7511975371185807"
"SR-ARE","Smile SVC Poly classification","2","0.01","cdk_desc","Standard","2.0","0.7562349284993016","0.7464931931227712","0.7571860672592012","0.7650255251159326"
"SR-ARE","Smile SVC Poly classification","3","0.01","cdk_desc","Standard","2.0","0.7188179971947735","0.7504474148677477","0.6859941064309242","0.7200124702856485"
"SR-ARE","Smile SVC Poly classification","4","0.01","cdk_desc","Standard","2.0","0.7116392774552142","0.7100774799126127","0.7037710254587566","0.721069326994273"
"SR-ARE","Smile SVC Poly classification","2","0.1","cdk_desc","Standard","2.0","0.7227094281808144","0.7321959738833104","0.6959993384444852","0.7399329722146476"
"SR-ARE","Smile SVC Poly classification","3","0.1","cdk_desc","Standard","2.0","0.7025858298932334","0.7179434961306292","0.6907212068299273","0.6990927867191438"
"SR-ARE","Smile SVC Poly classification","4","0.1","cdk_desc","Standard","2.0","0.5576938847789289","0.26555615210871236","0.6848864780279275","0.7226390242001469"
"SR-ARE","Smile SVC Poly classification","2","1.0","cdk_desc","Standard","2.0","0.7272726908076298","0.6966596623097677","0.7251061907919747","0.7600522193211471"
"SR-ARE","Smile SVC Poly classification","3","1.0","cdk_desc","Standard","2.0","0.7166008121133","0.7351658829192445","0.699599727108351","0.7150368263123043"
"SR-ARE","Smile SVC Poly classification","4","1.0","cdk_desc","Standard","2.0","0.5987037705226786","0.7337148702188337","0.3301225627006718","0.7322738786485306"
"SR-ARE","Smile SVC Poly classification","2","1.0E-4","rdkit_fp","MaxMin","4.0","0.8354648500958753","0.8419429839177495","0.8207486709254328","0.8437028954444435"
"SR-ARE","Smile SVC Poly classification","3","1.0E-4","rdkit_fp","MaxMin","4.0","0.8377487556786773","0.8429936374520135","0.8240962054384237","0.8461564241455948"
"SR-ARE","Smile SVC Poly classification","4","1.0E-4","rdkit_fp","MaxMin","4.0","0.8491831140808723","0.8459650892978372","0.8416512807301301","0.8599329722146499"
"SR-ARE","Smile SVC Poly classification","2","0.001","rdkit_fp","MaxMin","4.0","0.836933793629914","0.8427344453906986","0.822940868705078","0.8451260667939656"
"SR-ARE","Smile SVC Poly classification","3","0.001","rdkit_fp","MaxMin","4.0","0.8502571071090301","0.8462312240036505","0.8427334646902668","0.861806632633173"
"SR-ARE","Smile SVC Poly classification","4","0.001","rdkit_fp","MaxMin","4.0","0.837285928112553","0.829284228780203","0.8337531666404184","0.8488203889170374"
"SR-ARE","Smile SVC Poly classification","2","0.01","rdkit_fp","MaxMin","4.0","0.846823854104381","0.8437480714876398","0.8371802150373444","0.8595432757881586"
"SR-ARE","Smile SVC Poly classification","3","0.01","rdkit_fp","MaxMin","4.0","0.8397327486536185","0.8346061514915903","0.8314265903969443","0.853165504072321"
"SR-ARE","Smile SVC Poly classification","4","0.01","rdkit_fp","MaxMin","4.0","0.8198254261069255","0.8098849372384955","0.822660979833688","0.8269303612485932"
"SR-ARE","Smile SVC Poly classification","2","0.1","rdkit_fp","MaxMin","4.0","0.8365289736395679","0.831535188407945","0.8265221740368096","0.8515295584739493"
"SR-ARE","Smile SVC Poly classification","3","0.1","rdkit_fp","MaxMin","4.0","0.8257535386662522","0.8167797546315179","0.8235976533862482","0.8368832079809904"
"SR-ARE","Smile SVC Poly classification","4","0.1","rdkit_fp","MaxMin","4.0","0.8168651751014865","0.8059831710297358","0.8169820982441746","0.827630256030549"
"SR-ARE","Smile SVC Poly classification","2","1.0","rdkit_fp","MaxMin","4.0","0.8298664220563983","0.81896205921923","0.8311975904112561","0.8394396165387085"
"SR-ARE","Smile SVC Poly classification","3","1.0","rdkit_fp","MaxMin","4.0","0.8268694220934915","0.8181651979116527","0.8269276948447919","0.8355153735240295"
"SR-ARE","Smile SVC Poly classification","4","1.0","rdkit_fp","MaxMin","4.0","0.816666022768818","0.8099427926093163","0.8076559147992793","0.8323993608978577"
"SR-ARE","Smile SVC Poly classification","2","1.0E-4","cdk_fp","MaxMin","4.0","0.8367418758716593","0.8469524876266673","0.8205920285741009","0.8426811114142096"
"SR-ARE","Smile SVC Poly classification","3","1.0E-4","cdk_fp","MaxMin","4.0","0.8357598018762613","0.8453533651769323","0.8186479141122736","0.843278126339578"
"SR-ARE","Smile SVC Poly classification","4","1.0E-4","cdk_fp","MaxMin","4.0","0.8505073143161658","0.8563921699312506","0.8358491526205324","0.8592806203967145"
"SR-ARE","Smile SVC Poly classification","2","0.001","cdk_fp","MaxMin","4.0","0.8376027486582093","0.8480517396724284","0.8213490007490242","0.8434075055531753"
"SR-ARE","Smile SVC Poly classification","3","0.001","cdk_fp","MaxMin","4.0","0.8525830712218258","0.857506850075899","0.8379236698519922","0.8623186937375861"
"SR-ARE","Smile SVC Poly classification","4","0.001","cdk_fp","MaxMin","4.0","0.835665221893326","0.8326406116932626","0.8236087853299965","0.850746268656719"
"SR-ARE","Smile SVC Poly classification","2","0.01","cdk_fp","MaxMin","4.0","0.8511369711823956","0.8532000962713304","0.8372358747560824","0.862974942519774"
"SR-ARE","Smile SVC Poly classification","3","0.01","cdk_fp","MaxMin","4.0","0.839479699951634","0.8394621456165675","0.8308556807104165","0.848121273527918"
"SR-ARE","Smile SVC Poly classification","4","0.01","cdk_fp","MaxMin","4.0","0.8215700446159365","0.816589217610249","0.8112618694350221","0.8368590468025382"
"SR-ARE","Smile SVC Poly classification","2","0.1","cdk_fp","MaxMin","4.0","0.8406321364751101","0.8466801816812936","0.8233304867362874","0.8518857410077497"
"SR-ARE","Smile SVC Poly classification","3","0.1","cdk_fp","MaxMin","4.0","0.8313571688160982","0.8260366139642831","0.8214014799124078","0.8466334125716042"
"SR-ARE","Smile SVC Poly classification","4","0.1","cdk_fp","MaxMin","4.0","0.8046443602668903","0.8025064489453388","0.778335170104045","0.8330914617512877"
"SR-ARE","Smile SVC Poly classification","2","1.0","cdk_fp","MaxMin","4.0","0.8299680582202996","0.8283408005331906","0.8132433554222888","0.8483200187054195"
"SR-ARE","Smile SVC Poly classification","3","1.0","cdk_fp","MaxMin","4.0","0.8126271698038255","0.8181736833660369","0.7823569823526819","0.8373508436927577"
"SR-ARE","Smile SVC Poly classification","4","1.0","cdk_fp","MaxMin","4.0","0.8104210861979005","0.8033843077720613","0.7934936969344174","0.8343852538872232"
"SR-ARE","Smile SVC Poly classification","2","1.0E-4","rdkit_desc","MaxMin","4.0","0.7914209668234319","0.7945424642993755","0.7801600137399914","0.7995604224309284"
"SR-ARE","Smile SVC Poly classification","3","1.0E-4","rdkit_desc","MaxMin","4.0","0.7899595397492053","0.7790217968181096","0.7940351864839056","0.7968216359456004"
"SR-ARE","Smile SVC Poly classification","4","1.0E-4","rdkit_desc","MaxMin","4.0","0.789797490662568","0.7947430295849197","0.7846334648492979","0.7900159775534866"
"SR-ARE","Smile SVC Poly classification","2","0.001","rdkit_desc","MaxMin","4.0","0.7905112594001026","0.7907363523037246","0.7832626454905252","0.7975347804060579"
"SR-ARE","Smile SVC Poly classification","3","0.001","rdkit_desc","MaxMin","4.0","0.7907115968628043","0.789175800101206","0.7939047837142832","0.7890542067729239"
"SR-ARE","Smile SVC Poly classification","4","0.001","rdkit_desc","MaxMin","4.0","0.8045047664914254","0.8031860567013557","0.801269359642882","0.8090588831300384"
"SR-ARE","Smile SVC Poly classification","2","0.01","rdkit_desc","MaxMin","4.0","0.7921715355806732","0.7795988077165129","0.7849817356608643","0.8119340633646421"
"SR-ARE","Smile SVC Poly classification","3","0.01","rdkit_desc","MaxMin","4.0","0.8097377559928668","0.8064583564754783","0.7984370750976849","0.8243178364054374"
"SR-ARE","Smile SVC Poly classification","4","0.01","rdkit_desc","MaxMin","4.0","0.8105347998409896","0.8131603226324033","0.8112276784649334","0.8072163984256324"
"SR-ARE","Smile SVC Poly classification","2","0.1","rdkit_desc","MaxMin","4.0","0.8020648028871687","0.8006705051776718","0.7962234085693681","0.8093004949144663"
"SR-ARE","Smile SVC Poly classification","3","0.1","rdkit_desc","MaxMin","4.0","0.8140817407629086","0.8198815739129357","0.807646373133213","0.8147172752425773"
"SR-ARE","Smile SVC Poly classification","4","0.1","rdkit_desc","MaxMin","4.0","0.7930048257093993","0.7995265116451238","0.799788811124312","0.7796991543587622"
"SR-ARE","Smile SVC Poly classification","2","1.0","rdkit_desc","MaxMin","4.0","0.8072851186732902","0.8028242677824291","0.7957272419337114","0.8233038463037302"
"SR-ARE","Smile SVC Poly classification","3","1.0","rdkit_desc","MaxMin","4.0","0.7944691408719522","0.7642216215549095","0.8042877066764693","0.8148980943844778"
"SR-ARE","Smile SVC Poly classification","4","1.0","rdkit_desc","MaxMin","4.0","0.7592995303202507","0.7820241048617012","0.7701810213081246","0.7256934647909262"
"SR-ARE","Smile SVC Poly classification","2","1.0E-4","cdk_desc","MaxMin","4.0","0.772656196245412","0.7786407227755775","0.7520709391066764","0.7872569268539824"
"SR-ARE","Smile SVC Poly classification","3","1.0E-4","cdk_desc","MaxMin","4.0","0.784468154618794","0.7916790091457755","0.7742775766076498","0.7874478781029567"
"SR-ARE","Smile SVC Poly classification","4","1.0E-4","cdk_desc","MaxMin","4.0","0.7974088168926105","0.8071472210908235","0.7837651732368971","0.8013140563501108"
"SR-ARE","Smile SVC Poly classification","2","0.001","cdk_desc","MaxMin","4.0","0.7885178580221753","0.8003341726219111","0.7736048891496909","0.7916145122949243"
"SR-ARE","Smile SVC Poly classification","3","0.001","cdk_desc","MaxMin","4.0","0.7905595720414785","0.7983809753027012","0.7774978889063805","0.7957998519153539"
"SR-ARE","Smile SVC Poly classification","4","0.001","cdk_desc","MaxMin","4.0","0.820701305145645","0.8196563236691733","0.8136957894217866","0.8287518023459751"
"SR-ARE","Smile SVC Poly classification","2","0.01","cdk_desc","MaxMin","4.0","0.785468140811611","0.7892876538181444","0.7761795487109965","0.7909372199056918"
"SR-ARE","Smile SVC Poly classification","3","0.01","cdk_desc","MaxMin","4.0","0.8125912644230899","0.8175334172621901","0.8058255051914508","0.8144148708156291"
"SR-ARE","Smile SVC Poly classification","4","0.01","cdk_desc","MaxMin","4.0","0.8074269424997224","0.8312729107268442","0.7875357216123562","0.8034721951599668"
"SR-ARE","Smile SVC Poly classification","2","0.1","cdk_desc","MaxMin","4.0","0.7983310627494263","0.8097005714567778","0.782457964985261","0.8028346518062405"
"SR-ARE","Smile SVC Poly classification","3","0.1","cdk_desc","MaxMin","4.0","0.8190399593527155","0.821941225114473","0.806437762097638","0.8287408908460355"
"SR-ARE","Smile SVC Poly classification","4","0.1","cdk_desc","MaxMin","4.0","0.7372589844291779","0.7126393157329571","0.7503757031015152","0.7487619344530615"
"SR-ARE","Smile SVC Poly classification","2","1.0","cdk_desc","MaxMin","4.0","0.8173783493570103","0.8166247022376925","0.8182678377471385","0.8172425080861999"
"SR-ARE","Smile SVC Poly classification","3","1.0","cdk_desc","MaxMin","4.0","0.7773341982022922","0.7705286283802939","0.7876327285507252","0.7738412376758578"
"SR-ARE","Smile SVC Poly classification","4","1.0","cdk_desc","MaxMin","4.0","0.7213704061960771","0.7426284543513352","0.6907848179370628","0.7306979462998335"
"SR-ARE","Smile SVC Poly classification","2","1.0E-4","rdkit_fp","Standard","4.0","0.7986039748643817","0.8112094395280244","0.7743316460487145","0.8102708390164066"
"SR-ARE","Smile SVC Poly classification","3","1.0E-4","rdkit_fp","Standard","4.0","0.7619779508946861","0.7780683403068351","0.7381472628935718","0.7697182494836516"
"SR-ARE","Smile SVC Poly classification","4","1.0E-4","rdkit_fp","Standard","4.0","0.733526427656401","0.7543723232248405","0.6863916758505157","0.7598152838938468"
"SR-ARE","Smile SVC Poly classification","2","0.001","rdkit_fp","Standard","4.0","0.7935797407507456","0.8101572431838643","0.7649641153841855","0.805617863684187"
"SR-ARE","Smile SVC Poly classification","3","0.001","rdkit_fp","Standard","4.0","0.7355198639503447","0.7401807864627671","0.7157322990167293","0.7506465063715377"
"SR-ARE","Smile SVC Poly classification","4","0.001","rdkit_fp","Standard","4.0","0.7474496941751454","0.7527006887103331","0.6833033565990948","0.8063450372160081"
"SR-ARE","Smile SVC Poly classification","2","0.01","rdkit_fp","Standard","4.0","0.7871015173794196","0.8087748855234996","0.74709496025101","0.8054347063637494"
"SR-ARE","Smile SVC Poly classification","3","0.01","rdkit_fp","Standard","4.0","0.7306774436640017","0.7375564668419275","0.6990025778401141","0.7554732863099635"
"SR-ARE","Smile SVC Poly classification","4","0.01","rdkit_fp","Standard","4.0","0.7439937672797287","0.7581298367089984","0.7139925352365748","0.7598589298936127"
"SR-ARE","Smile SVC Poly classification","2","0.1","rdkit_fp","Standard","4.0","0.777710716648547","0.7789307710346667","0.7577959387488655","0.7964054401621085"
"SR-ARE","Smile SVC Poly classification","3","0.1","rdkit_fp","Standard","4.0","0.7516583311918049","0.7479233778896787","0.6942134566116565","0.8128381590740792"
"SR-ARE","Smile SVC Poly classification","4","0.1","rdkit_fp","Standard","4.0","0.7390349742036763","0.7767330383480806","0.6802245790137382","0.7601473052492099"
"SR-ARE","Smile SVC Poly classification","2","1.0","rdkit_fp","Standard","4.0","0.7479074457246105","0.7528117710223262","0.7350756415577695","0.7558349245937358"
"SR-ARE","Smile SVC Poly classification","3","1.0","rdkit_fp","Standard","4.0","0.7482636331478747","0.776564100665255","0.7131767227875665","0.7550500759908025"
"SR-ARE","Smile SVC Poly classification","4","1.0","rdkit_fp","Standard","4.0","0.7366643660168114","0.7691917836116512","0.6900238700679492","0.7507774443708337"
"SR-ARE","Smile SVC Poly classification","2","1.0E-4","cdk_fp","Standard","4.0","0.7886517958505652","0.7916203823699993","0.7621429627827284","0.812192042398968"
"SR-ARE","Smile SVC Poly classification","3","1.0E-4","cdk_fp","Standard","4.0","0.7718632383591119","0.775005091272632","0.7505156475372162","0.7900689762674874"
"SR-ARE","Smile SVC Poly classification","4","1.0E-4","cdk_fp","Standard","4.0","0.7498474486265717","0.7684188358573703","0.698461883429464","0.7826616265928809"
"SR-ARE","Smile SVC Poly classification","2","0.001","cdk_fp","Standard","4.0","0.7853989639829267","0.7924303575616162","0.7550240847554309","0.8087424496317333"
"SR-ARE","Smile SVC Poly classification","3","0.001","cdk_fp","Standard","4.0","0.7549548658994248","0.7653208736006725","0.730973520286377","0.7685702038112253"
"SR-ARE","Smile SVC Poly classification","4","0.001","cdk_fp","Standard","4.0","0.7474222502494579","0.7733681699806252","0.6859384467121793","0.7829601340555692"
"SR-ARE","Smile SVC Poly classification","2","0.01","cdk_fp","Standard","4.0","0.7854052736548516","0.7964231495538172","0.7566509388204267","0.8031417325903106"
"SR-ARE","Smile SVC Poly classification","3","0.01","cdk_fp","Standard","4.0","0.7391385725845833","0.7503455894150857","0.6989660014535141","0.7681041268851503"
"SR-ARE","Smile SVC Poly classification","4","0.01","cdk_fp","Standard","4.0","0.7429055015874976","0.7712545204329769","0.6787074541085604","0.7787545302209552"
"SR-ARE","Smile SVC Poly classification","2","0.1","cdk_fp","Standard","4.0","0.7539127133096875","0.7090823675343448","0.7582253137220268","0.7944304586726906"
"SR-ARE","Smile SVC Poly classification","3","0.1","cdk_fp","Standard","4.0","0.7429938004372357","0.7566101689685376","0.7042234594582532","0.7681477728849164"
"SR-ARE","Smile SVC Poly classification","4","0.1","cdk_fp","Standard","4.0","0.7534530137491441","0.7663877266387642","0.7094968202397803","0.7844744943688882"
"SR-ARE","Smile SVC Poly classification","2","1.0","cdk_fp","Standard","4.0","0.7449138061776042","0.7301147233433295","0.7393057801822777","0.7653209150072056"
"SR-ARE","Smile SVC Poly classification","3","1.0","cdk_fp","Standard","4.0","0.7629680721909772","0.7604070241048643","0.7310816591685071","0.7974155332995602"
"SR-ARE","Smile SVC Poly classification","4","1.0","cdk_fp","Standard","4.0","0.7395832207274724","0.7592591735475946","0.684007849610622","0.7754826390242002"
"SR-ARE","Smile SVC Poly classification","2","1.0E-4","rdkit_desc","Standard","4.0","0.7972520672568567","0.7869124979943452","0.8027674012159249","0.8020763025602999"
"SR-ARE","Smile SVC Poly classification","3","1.0E-4","rdkit_desc","Standard","4.0","0.7522938520260949","0.770488515323189","0.7268809406810522","0.7595121000740434"
"SR-ARE","Smile SVC Poly classification","4","1.0E-4","rdkit_desc","Standard","4.0","0.5620574791951718","0.2627436096814416","0.7074684210610052","0.7159604068430685"
"SR-ARE","Smile SVC Poly classification","2","0.001","rdkit_desc","Standard","4.0","0.8062565326434338","0.8057802915293564","0.7965573668818269","0.8164319395191182"
"SR-ARE","Smile SVC Poly classification","3","0.001","rdkit_desc","Standard","4.0","0.7321574356113244","0.7600529492353815","0.7205548160764362","0.7158645415221556"
"SR-ARE","Smile SVC Poly classification","4","0.001","rdkit_desc","Standard","4.0","0.705464107196859","0.7000931857172786","0.6946476024178596","0.7216515334554391"
"SR-ARE","Smile SVC Poly classification","2","0.01","rdkit_desc","Standard","4.0","0.7520409543084251","0.7614430209451858","0.742166689725696","0.7525131522543936"
"SR-ARE","Smile SVC Poly classification","3","0.01","rdkit_desc","Standard","4.0","0.7188227026499625","0.736076140753627","0.7170148579643516","0.703377109231909"
"SR-ARE","Smile SVC Poly classification","4","0.01","rdkit_desc","Standard","4.0","0.5789926977782708","0.324007047555572","0.6900779395090199","0.7228931062702207"
"SR-ARE","Smile SVC Poly classification","2","0.1","rdkit_desc","Standard","4.0","0.7028470732615938","0.7115902050085778","0.6939939982920443","0.7029570164841588"
"SR-ARE","Smile SVC Poly classification","3","0.1","rdkit_desc","Standard","4.0","0.7189885214745538","0.7093222744720522","0.7184636009293555","0.729179689022254"
"SR-ARE","Smile SVC Poly classification","4","0.1","rdkit_desc","Standard","4.0","0.5694905149918185","0.2983053776181489","0.6889051097212057","0.7212610576361009"
"SR-ARE","Smile SVC Poly classification","2","1.0","rdkit_desc","Standard","4.0","0.6786043161255071","0.6695902914059307","0.6668757881813768","0.6993468687892138"
"SR-ARE","Smile SVC Poly classification","3","1.0","rdkit_desc","Standard","4.0","0.7264473803217251","0.7032004048333155","0.7388875371528633","0.7372541989789964"
"SR-ARE","Smile SVC Poly classification","4","1.0","rdkit_desc","Standard","4.0","0.5776117799517341","0.3151204625961157","0.6967912967283203","0.7209235805307663"
"SR-ARE","Smile SVC Poly classification","2","1.0E-4","cdk_desc","Standard","4.0","0.8137675027211442","0.82115516347614","0.8149028101796796","0.805244534507613"
"SR-ARE","Smile SVC Poly classification","3","1.0E-4","cdk_desc","Standard","4.0","0.7653306882646396","0.7877895854161191","0.7400500301357633","0.7681524492420364"
"SR-ARE","Smile SVC Poly classification","4","1.0E-4","cdk_desc","Standard","4.0","0.7292724239752646","0.74234149171202","0.7063011572450667","0.7391746229687068"
"SR-ARE","Smile SVC Poly classification","2","0.001","cdk_desc","Standard","4.0","0.8130907016117409","0.8114331469618931","0.812176279100094","0.8156626787732354"
"SR-ARE","Smile SVC Poly classification","3","0.001","cdk_desc","Standard","4.0","0.7204528916108685","0.7451154638920752","0.7067400738843009","0.7095031370562292"
"SR-ARE","Smile SVC Poly classification","4","0.001","cdk_desc","Standard","4.0","0.7241933326031854","0.7371537934609538","0.6996060882190656","0.7358201161295368"
"SR-ARE","Smile SVC Poly classification","2","0.01","cdk_desc","Standard","4.0","0.7586905500258645","0.7656209501240423","0.7619163482135602","0.748534351739991"
"SR-ARE","Smile SVC Poly classification","3","0.01","cdk_desc","Standard","4.0","0.7136803827331476","0.7379861393959587","0.6960693106623342","0.70698569814115"
"SR-ARE","Smile SVC Poly classification","4","0.01","cdk_desc","Standard","4.0","0.7211948418471371","0.7421316695671473","0.6907307484959936","0.7307221074782704"
"SR-ARE","Smile SVC Poly classification","2","0.1","cdk_desc","Standard","4.0","0.7199471755080536","0.710610520729191","0.716264246900151","0.7329667588948188"
"SR-ARE","Smile SVC Poly classification","3","0.1","cdk_desc","Standard","4.0","0.7203187878413675","0.7364340726478321","0.7148663928208503","0.70965589805542"
"SR-ARE","Smile SVC Poly classification","4","0.1","cdk_desc","Standard","4.0","0.7181062067129691","0.7360298564569714","0.6891293388738605","0.7291594248080757"
"SR-ARE","Smile SVC Poly classification","2","1.0","cdk_desc","Standard","4.0","0.7183077823477233","0.7178031004307569","0.6954554634784764","0.7416647831339365"
"SR-ARE","Smile SVC Poly classification","3","1.0","cdk_desc","Standard","4.0","0.7256306880426674","0.7575049987040408","0.7023604491580288","0.7170266162659324"
"SR-ARE","Smile SVC Poly classification","4","1.0","cdk_desc","Standard","4.0","0.7295285885634099","0.7600082077486057","0.6957035467963046","0.7328740111453192"
"SR-ARE","Smile SVC Poly classification","2","1.0E-4","rdkit_fp","MaxMin","6.0","0.8371717904543622","0.842238432011448","0.8233933027045859","0.8458836366470528"
"SR-ARE","Smile SVC Poly classification","3","1.0E-4","rdkit_fp","MaxMin","6.0","0.8414929026517711","0.8472996198516451","0.8265754483390357","0.8506036397646324"
"SR-ARE","Smile SVC Poly classification","4","1.0E-4","rdkit_fp","MaxMin","6.0","0.850920796107121","0.8461733686328282","0.8437909993463877","0.8627980203421471"
"SR-ARE","Smile SVC Poly classification","2","0.001","rdkit_fp","MaxMin","6.0","0.8388194877288112","0.8437110440502988","0.8244086950022285","0.8483387241339063"
"SR-ARE","Smile SVC Poly classification","3","0.001","rdkit_fp","MaxMin","6.0","0.849909433356344","0.8470373421705489","0.8399965968057662","0.8626943610927165"
"SR-ARE","Smile SVC Poly classification","4","0.001","rdkit_fp","MaxMin","6.0","0.8326691760514073","0.8230790474074625","0.8308795348755885","0.8440489458711713"
"SR-ARE","Smile SVC Poly classification","2","0.01","rdkit_fp","MaxMin","6.0","0.847008778169998","0.8422592599449531","0.837102291431102","0.8616647831339389"
"SR-ARE","Smile SVC Poly classification","3","0.01","rdkit_fp","MaxMin","6.0","0.8319520167093707","0.8245771158094777","0.8262136601671984","0.845065274151436"
"SR-ARE","Smile SVC Poly classification","4","0.01","rdkit_fp","MaxMin","6.0","0.8205950822280266","0.8111037570506398","0.82076059800801","0.8299208916254298"
"SR-ARE","Smile SVC Poly classification","2","0.1","rdkit_fp","MaxMin","6.0","0.8321673835855621","0.8293713975389096","0.8257286254752876","0.8414021277424889"
"SR-ARE","Smile SVC Poly classification","3","0.1","rdkit_fp","MaxMin","6.0","0.8275274182233098","0.8171731711531537","0.8271853198286879","0.8382237636880878"
"SR-ARE","Smile SVC Poly classification","4","0.1","rdkit_fp","MaxMin","6.0","0.8229908740273997","0.8104125782204603","0.8237352124054367","0.8348248314563018"
"SR-ARE","Smile SVC Poly classification","2","1.0","rdkit_fp","MaxMin","6.0","0.8252445702440072","0.8209029140593191","0.8214205632445425","0.8334102334281603"
"SR-ARE","Smile SVC Poly classification","3","1.0","rdkit_fp","MaxMin","6.0","0.8263389682988961","0.8220708211451361","0.820398014697346","0.8365480690542065"
"SR-ARE","Smile SVC Poly classification","4","1.0","rdkit_fp","MaxMin","6.0","0.8220983222451514","0.8259965009071647","0.8121436784076832","0.8281547874206064"
"SR-ARE","Smile SVC Poly classification","2","1.0E-4","cdk_fp","MaxMin","6.0","0.8383898846136733","0.8479715135582108","0.8223620076301476","0.8448361326526617"
"SR-ARE","Smile SVC Poly classification","3","1.0E-4","cdk_fp","MaxMin","6.0","0.8408837845082558","0.8491872477505793","0.8238004137902447","0.8496636919839434"
"SR-ARE","Smile SVC Poly classification","4","1.0E-4","cdk_fp","MaxMin","6.0","0.8516900995126182","0.8557333901087278","0.8408855620279778","0.8584513464011487"
"SR-ARE","Smile SVC Poly classification","2","0.001","cdk_fp","MaxMin","6.0","0.8400032226486398","0.8487660606509468","0.8233670631228845","0.847876544172088"
"SR-ARE","Smile SVC Poly classification","3","0.001","cdk_fp","MaxMin","6.0","0.8528860500641334","0.8576341318917338","0.8407535689806821","0.860270449319984"
"SR-ARE","Smile SVC Poly classification","4","0.001","cdk_fp","MaxMin","6.0","0.8302290497068152","0.8252428382764921","0.8238870839237283","0.8415572269202252"
"SR-ARE","Smile SVC Poly classification","2","0.01","cdk_fp","MaxMin","6.0","0.8494082813648433","0.8527048542970252","0.8367412983981052","0.8587786913993992"
"SR-ARE","Smile SVC Poly classification","3","0.01","cdk_fp","MaxMin","6.0","0.8344035122079655","0.8348769146270676","0.823301861738081","0.8450317602587478"
"SR-ARE","Smile SVC Poly classification","4","0.01","cdk_fp","MaxMin","6.0","0.8152886196156396","0.8177285827131172","0.7933537524987216","0.83478352363508"
"SR-ARE","Smile SVC Poly classification","2","0.1","cdk_fp","MaxMin","6.0","0.8357748697810571","0.8351044790856614","0.8219867020980481","0.8502334281594616"
"SR-ARE","Smile SVC Poly classification","3","0.1","cdk_fp","MaxMin","6.0","0.8272790928093018","0.8274135717900291","0.8087349182040672","0.8456887884338091"
"SR-ARE","Smile SVC Poly classification","4","0.1","cdk_fp","MaxMin","6.0","0.8050307979021086","0.8080343367768886","0.7699480456282407","0.8371100113011964"
"SR-ARE","Smile SVC Poly classification","2","1.0","cdk_fp","MaxMin","6.0","0.8262887494064234","0.8274027721207986","0.8063685850186249","0.8450948910798467"
"SR-ARE","Smile SVC Poly classification","3","1.0","cdk_fp","MaxMin","6.0","0.8188510427254583","0.8165398476938055","0.8047480920643513","0.8352651884182181"
"SR-ARE","Smile SVC Poly classification","4","1.0","cdk_fp","MaxMin","6.0","0.8158995247354252","0.8166347305019651","0.7870538674757984","0.8440099762285117"
"SR-ARE","Smile SVC Poly classification","2","1.0E-4","rdkit_desc","MaxMin","6.0","0.7912489888167956","0.7970788437565643","0.7819204511299662","0.7947476715638563"
"SR-ARE","Smile SVC Poly classification","3","1.0E-4","rdkit_desc","MaxMin","6.0","0.7857658203639334","0.7769698596660147","0.7830734024467942","0.7972541989789912"
"SR-ARE","Smile SVC Poly classification","4","1.0E-4","rdkit_desc","MaxMin","6.0","0.795376229234142","0.7952336431295643","0.794509089232067","0.7963859553407948"
"SR-ARE","Smile SVC Poly classification","2","0.001","rdkit_desc","MaxMin","6.0","0.7940714406726311","0.7864180274249911","0.7883515340613566","0.8074447605315457"
"SR-ARE","Smile SVC Poly classification","3","0.001","rdkit_desc","MaxMin","6.0","0.7948353169377088","0.7983022919983735","0.7948128322686386","0.7913908265461139"
"SR-ARE","Smile SVC Poly classification","4","0.001","rdkit_desc","MaxMin","6.0","0.8067153848193005","0.7981858098517679","0.8036531858827826","0.8183071587233508"
"SR-ARE","Smile SVC Poly classification","2","0.01","rdkit_desc","MaxMin","6.0","0.7949329426925164","0.7927265770602662","0.7857880064438042","0.8062842445734789"
"SR-ARE","Smile SVC Poly classification","3","0.01","rdkit_desc","MaxMin","6.0","0.8085270606782373","0.8016764172251637","0.8040777900229114","0.8198269747866367"
"SR-ARE","Smile SVC Poly classification","4","0.01","rdkit_desc","MaxMin","6.0","0.8087778122932626","0.8252212389380515","0.8014013526901865","0.7997108452515496"
"SR-ARE","Smile SVC Poly classification","2","0.1","rdkit_desc","MaxMin","6.0","0.8074081836408826","0.8066612359758604","0.8019722623767367","0.8135910525700508"
"SR-ARE","Smile SVC Poly classification","3","0.1","rdkit_desc","MaxMin","6.0","0.8185437981754523","0.8224920082447829","0.8098823035490161","0.8232570827325578"
"SR-ARE","Smile SVC Poly classification","4","0.1","rdkit_desc","MaxMin","6.0","0.7042210172823874","0.7594605102380814","0.5424087299883427","0.8107938116207379"
"SR-ARE","Smile SVC Poly classification","2","1.0","rdkit_desc","MaxMin","6.0","0.812120665624159","0.8031135446365688","0.8077545120153405","0.8254939402205672"
"SR-ARE","Smile SVC Poly classification","3","1.0","rdkit_desc","MaxMin","6.0","0.6478785555793797","0.7134168919169103","0.48800374033310046","0.7422150344881283"
"SR-ARE","Smile SVC Poly classification","4","1.0","rdkit_desc","MaxMin","6.0","0.6744157242518156","0.7139584181878776","0.7196133716908302","0.5896753828767387"
"SR-ARE","Smile SVC Poly classification","2","1.0E-4","cdk_desc","MaxMin","6.0","0.7799402826417267","0.7784432431098143","0.7782405485821784","0.7831370562331871"
"SR-ARE","Smile SVC Poly classification","3","1.0E-4","cdk_desc","MaxMin","6.0","0.787263125110557","0.7954704644474871","0.7720591392462961","0.7942597716378875"
"SR-ARE","Smile SVC Poly classification","4","1.0E-4","cdk_desc","MaxMin","6.0","0.8023082979140254","0.8027332419989889","0.7942419225820999","0.8099497291609871"
"SR-ARE","Smile SVC Poly classification","2","0.001","cdk_desc","MaxMin","6.0","0.7874191765980892","0.7890593179546039","0.783373964928007","0.7898242469116568"
"SR-ARE","Smile SVC Poly classification","3","0.001","cdk_desc","MaxMin","6.0","0.7917872921303556","0.7936183211759926","0.7850310342688904","0.7967125209461837"
"SR-ARE","Smile SVC Poly classification","4","0.001","cdk_desc","MaxMin","6.0","0.8195938079207009","0.8244189777958705","0.8138277824690988","0.8205346634971334"
"SR-ARE","Smile SVC Poly classification","2","0.01","cdk_desc","MaxMin","6.0","0.791381519841281","0.7974984880463115","0.7820269997344228","0.7946190717431088"
"SR-ARE","Smile SVC Poly classification","3","0.01","cdk_desc","MaxMin","6.0","0.8170025074727864","0.8148535564853523","0.8171578239276306","0.8189961420053762"
"SR-ARE","Smile SVC Poly classification","4","0.01","cdk_desc","MaxMin","6.0","0.7714600640327284","0.6983158687253914","0.8025948560878111","0.8134694672849828"
"SR-ARE","Smile SVC Poly classification","2","0.1","cdk_desc","MaxMin","6.0","0.7990960246690167","0.8007275891435601","0.7877806243748168","0.8087798604886736"
"SR-ARE","Smile SVC Poly classification","3","0.1","cdk_desc","MaxMin","6.0","0.8195101764083232","0.8195112995396303","0.8115012062256152","0.8275180234597245"
"SR-ARE","Smile SVC Poly classification","4","0.1","cdk_desc","MaxMin","6.0","0.7761213662662909","0.7868692993174635","0.7439350785040547","0.7975597209773545"
"SR-ARE","Smile SVC Poly classification","2","1.0","cdk_desc","MaxMin","6.0","0.8178360420207973","0.8161340886930519","0.815796546234935","0.8215774911344047"
"SR-ARE","Smile SVC Poly classification","3","1.0","cdk_desc","MaxMin","6.0","0.7496266291662076","0.7223158193554748","0.7568099665882576","0.76975410155489"
"SR-ARE","Smile SVC Poly classification","4","1.0","cdk_desc","MaxMin","6.0","0.706838363391511","0.7512357907209289","0.7380669538708119","0.6312123455827923"
"SR-ARE","Smile SVC Poly classification","2","1.0E-4","rdkit_fp","Standard","6.0","0.7970775793620785","0.8103639797089661","0.7720662954958519","0.8088024628814174"
"SR-ARE","Smile SVC Poly classification","3","1.0E-4","rdkit_fp","Standard","6.0","0.751580392909262","0.7781740227842109","0.7079065425613974","0.7686606133821776"
"SR-ARE","Smile SVC Poly classification","4","1.0E-4","rdkit_fp","Standard","6.0","0.7342477576240537","0.7509272287431641","0.6941347378665759","0.757681306262421"
"SR-ARE","Smile SVC Poly classification","2","0.001","rdkit_fp","Standard","6.0","0.792936972427971","0.8115210871255581","0.7633507786794601","0.8039390514788946"
"SR-ARE","Smile SVC Poly classification","3","0.001","rdkit_fp","Standard","6.0","0.7664870465266099","0.7615633601165124","0.7300750133980862","0.8078227660652314"
"SR-ARE","Smile SVC Poly classification","4","0.001","rdkit_fp","Standard","6.0","0.7342199939516885","0.7621758556423616","0.6819961483474611","0.7584879778652427"
"SR-ARE","Smile SVC Poly classification","2","0.01","rdkit_fp","Standard","6.0","0.785805091862758","0.7920616259981951","0.7686161880726002","0.7967374615174786"
"SR-ARE","Smile SVC Poly classification","3","0.01","rdkit_fp","Standard","6.0","0.7390697105050603","0.753037021266086","0.7090690355442931","0.7551030747048019"
"SR-ARE","Smile SVC Poly classification","4","0.01","rdkit_fp","Standard","6.0","0.729655264885786","0.7437277063971058","0.6868989744299269","0.7583391138303253"
"SR-ARE","Smile SVC Poly classification","2","0.1","rdkit_fp","Standard","6.0","0.7715799687607049","0.7776132113896372","0.77020646575098","0.7669202291414972"
"SR-ARE","Smile SVC Poly classification","3","0.1","rdkit_fp","Standard","6.0","0.7406449275954688","0.7629148615790937","0.6988944389579854","0.7601254822493271"
"SR-ARE","Smile SVC Poly classification","4","0.1","rdkit_fp","Standard","6.0","0.7489708844664215","0.7588179299194053","0.6811214956243525","0.8069732278555067"
"SR-ARE","Smile SVC Poly classification","2","1.0","rdkit_fp","Standard","6.0","0.6992475272457169","0.7319583811604385","0.7447819013677958","0.6210022992089163"
"SR-ARE","Smile SVC Poly classification","3","1.0","rdkit_fp","Standard","6.0","0.7316528265922426","0.7459763518100226","0.6889766722167356","0.7600054557499696"
"SR-ARE","Smile SVC Poly classification","4","1.0","rdkit_fp","Standard","6.0","0.5685393126968289","0.25468782784710153","0.693674352478684","0.757255757764701"
"SR-ARE","Smile SVC Poly classification","2","1.0E-4","cdk_fp","Standard","6.0","0.7928436334816955","0.7907178385850582","0.771786406624458","0.8160266552355705"
"SR-ARE","Smile SVC Poly classification","3","1.0E-4","cdk_fp","Standard","6.0","0.7742001255079031","0.7740392922822507","0.7464302241814382","0.8021308600600201"
"SR-ARE","Smile SVC Poly classification","4","1.0E-4","cdk_fp","Standard","6.0","0.749703201420937","0.7753005393663362","0.6884335923895624","0.7853754725069126"
"SR-ARE","Smile SVC Poly classification","2","0.001","cdk_fp","Standard","6.0","0.7876454256281912","0.7967101121931354","0.7553715604281629","0.8108546042632753"
"SR-ARE","Smile SVC Poly classification","3","0.001","cdk_fp","Standard","6.0","0.7517482858335528","0.762757494970438","0.7235087568640322","0.7689786056661881"
"SR-ARE","Smile SVC Poly classification","4","0.001","cdk_fp","Standard","6.0","0.7464032870298466","0.774713500203648","0.6808113914770645","0.7836849694088273"
"SR-ARE","Smile SVC Poly classification","2","0.01","cdk_fp","Standard","6.0","0.7864879785293882","0.7993251749546425","0.7559838173343507","0.8041549432991711"
"SR-ARE","Smile SVC Poly classification","3","0.01","cdk_fp","Standard","6.0","0.747097992486821","0.7682383271003806","0.7052523691161724","0.7678032812439101"
"SR-ARE","Smile SVC Poly classification","4","0.01","cdk_fp","Standard","6.0","0.7457275542903629","0.7652151911232864","0.6907220019687624","0.7812454697790394"
"SR-ARE","Smile SVC Poly classification","2","0.1","cdk_fp","Standard","6.0","0.7765452662702105","0.7806216906727856","0.7554924215317169","0.793521686606129"
"SR-ARE","Smile SVC Poly classification","3","0.1","cdk_fp","Standard","6.0","0.7446775239011187","0.7643180471729533","0.7023071748558004","0.7674073496746027"
"SR-ARE","Smile SVC Poly classification","4","0.1","cdk_fp","Standard","6.0","0.7425926224447056","0.7709914713469322","0.6828867038473585","0.773899692139826"
"SR-ARE","Smile SVC Poly classification","2","1.0","cdk_fp","Standard","6.0","0.7379165008311143","0.7339239209587599","0.7502445051930529","0.7295810763415298"
"SR-ARE","Smile SVC Poly classification","3","1.0","cdk_fp","Standard","6.0","0.7356780622718077","0.7483144801964892","0.6910941269455008","0.7676255796734331"
"SR-ARE","Smile SVC Poly classification","4","1.0","cdk_fp","Standard","6.0","0.7308505345846193","0.7602242011330392","0.7011049249309428","0.7312224776898758"
"SR-ARE","Smile SVC Poly classification","2","1.0E-4","rdkit_desc","Standard","6.0","0.8014761962147162","0.7911197405610934","0.804034852525595","0.8092739955574602"
"SR-ARE","Smile SVC Poly classification","3","1.0E-4","rdkit_desc","Standard","6.0","0.7537426269926356","0.7464330235371106","0.7374268671052664","0.77736799033553"
"SR-ARE","Smile SVC Poly classification","4","1.0E-4","rdkit_desc","Standard","6.0","0.7170731130082716","0.7207529529381261","0.710835038906143","0.7196313471805454"
"SR-ARE","Smile SVC Poly classification","2","0.001","rdkit_desc","Standard","6.0","0.8023760621020926","0.800224633119812","0.8035895747756447","0.8033139784108209"
"SR-ARE","Smile SVC Poly classification","3","0.001","rdkit_desc","Standard","6.0","0.7463922414637866","0.7623440219202413","0.737885662215479","0.7389470402556393"
"SR-ARE","Smile SVC Poly classification","4","0.001","rdkit_desc","Standard","6.0","0.5737414109392703","0.2802899865466974","0.7016957130884661","0.7392385331826477"
"SR-ARE","Smile SVC Poly classification","2","0.01","rdkit_desc","Standard","6.0","0.7448489520912451","0.7480159464830094","0.7397860440411494","0.7467448657495764"
"SR-ARE","Smile SVC Poly classification","3","0.01","rdkit_desc","Standard","6.0","0.7218897478088669","0.7322376297503113","0.7014889769902724","0.7319426366860173"
"SR-ARE","Smile SVC Poly classification","4","0.01","rdkit_desc","Standard","6.0","0.5942394441199507","0.3354130410634281","0.7069054627628537","0.7403998285335701"
"SR-ARE","Smile SVC Poly classification","2","0.1","rdkit_desc","Standard","6.0","0.6992367405527994","0.7248020574912697","0.6683650832271835","0.7045430809399449"
"SR-ARE","Smile SVC Poly classification","3","0.1","rdkit_desc","Standard","6.0","0.7115543310010249","0.7179234396020742","0.7010659631278208","0.7156735902731799"
"SR-ARE","Smile SVC Poly classification","4","0.1","rdkit_desc","Standard","6.0","0.703976630933822","0.6955511534046704","0.7075622474440278","0.7088164919527679"
"SR-ARE","Smile SVC Poly classification","2","1.0","rdkit_desc","Standard","6.0","0.7056926652427339","0.7138720208341058","0.6961361023248259","0.7070698725692698"
"SR-ARE","Smile SVC Poly classification","3","1.0","rdkit_desc","Standard","6.0","0.716961686962172","0.697669431381988","0.722501315954777","0.730714313549751"
"SR-ARE","Smile SVC Poly classification","4","1.0","rdkit_desc","Standard","6.0","0.5651737797343427","0.2936275780353238","0.6873736723169229","0.7145200888507816"
"SR-ARE","Smile SVC Poly classification","2","1.0E-4","cdk_desc","Standard","6.0","0.8141354400671373","0.8187375803803932","0.819315830737199","0.8043529090838197"
"SR-ARE","Smile SVC Poly classification","3","1.0E-4","cdk_desc","Standard","6.0","0.7694511031391348","0.77556667407215","0.7625508690072345","0.7702357663380202"
"SR-ARE","Smile SVC Poly classification","4","1.0E-4","cdk_desc","Standard","6.0","0.5767836694764632","0.27508454598190635","0.7021266783393061","0.7531397841081772"
"SR-ARE","Smile SVC Poly classification","2","0.001","cdk_desc","Standard","6.0","0.8117651204686004","0.8190098863257642","0.8129753936334859","0.803310081446551"
"SR-ARE","Smile SVC Poly classification","3","0.001","cdk_desc","Standard","6.0","0.7234407831524555","0.7555278878315503","0.6885639951591953","0.7262304664666213"
"SR-ARE","Smile SVC Poly classification","4","0.001","cdk_desc","Standard","6.0","0.7267016520239006","0.725473179792892","0.7106935041927661","0.7439382720860437"
"SR-ARE","Smile SVC Poly classification","2","0.01","cdk_desc","Standard","6.0","0.7629483372295137","0.7637047802421509","0.7520534460522154","0.7730867853941747"
"SR-ARE","Smile SVC Poly classification","3","0.01","cdk_desc","Standard","6.0","0.7233512676981458","0.7481964552399974","0.7032064768829297","0.7186508709715103"
"SR-ARE","Smile SVC Poly classification","4","0.01","cdk_desc","Standard","6.0","0.7183752867385333","0.7315310228212409","0.6875533736945815","0.7360414636997774"
"SR-ARE","Smile SVC Poly classification","2","0.1","cdk_desc","Standard","6.0","0.7190874646608307","0.7103837276755414","0.7093306362223865","0.7375480300845645"
"SR-ARE","Smile SVC Poly classification","3","0.1","cdk_desc","Standard","6.0","0.7244131733018424","0.7623633070438505","0.7015398658759804","0.7093363469856963"
"SR-ARE","Smile SVC Poly classification","4","0.1","cdk_desc","Standard","6.0","0.7238809694398993","0.7168195591266413","0.7103706778240534","0.7444526713690033"
"SR-ARE","Smile SVC Poly classification","2","1.0","cdk_desc","Standard","6.0","0.7203836491042074","0.7018257612223948","0.7205675382978569","0.7387576477923706"
"SR-ARE","Smile SVC Poly classification","3","1.0","cdk_desc","Standard","6.0","0.7224410898733599","0.75542297675911","0.6981923313629746","0.7137079614979952"
"SR-ARE","Smile SVC Poly classification","4","1.0","cdk_desc","Standard","6.0","0.7256520332257295","0.7384404969082027","0.7034179838141501","0.7350976189548356"
